Datetime,Open,High,Low,Close,Volume
2025-07-26T08:00:00.000+0000,186.44,189.19,186.44,189.04,15530.644
2025-07-26T10:00:00.000+0000,189.0,189.75,187.32,187.7,18632.652
2025-07-26T12:00:00.000+0000,187.73,188.46,187.28,187.55,7191.668
2025-07-26T14:00:00.000+0000,187.59,187.9,186.05,187.49,9799.474
2025-07-26T16:00:00.000+0000,187.55,187.82,185.38,185.65,13396.899
2025-07-26T18:00:00.000+0000,185.63,186.64,185.09,186.43,4980.055
2025-07-26T20:00:00.000+0000,186.43,186.48,185.31,186.37,4367.107
2025-07-26T22:00:00.000+0000,186.36,186.75,184.3,184.86,7688.508
2025-07-27T00:00:00.000+0000,184.87,186.57,184.54,186.28,5857.384
2025-07-27T02:00:00.000+0000,186.32,187.6,185.84,187.16,12584.29
2025-07-27T04:00:00.000+0000,187.17,188.33,186.64,187.82,10438.6
2025-07-27T06:00:00.000+0000,187.85,188.03,186.63,187.25,5665.538
2025-07-27T08:00:00.000+0000,187.25,187.48,186.21,186.39,6217.047
2025-07-27T10:00:00.000+0000,186.37,188.56,186.33,187.04,13376.568
2025-07-27T12:00:00.000+0000,187.01,187.34,185.52,185.76,11643.281
2025-07-27T14:00:00.000+0000,185.75,186.52,184.82,186.48,10792.9578
2025-07-27T16:00:00.000+0000,186.48,189.76,185.96,188.09,22553.621
2025-07-27T18:00:00.000+0000,188.0,188.77,186.89,186.96,9212.558
2025-07-27T20:00:00.000+0000,186.94,188.23,186.44,187.96,5996.973
2025-07-27T22:00:00.000+0000,187.97,190.67,187.16,188.65,18860.063
2025-07-28T00:00:00.000+0000,188.66,191.15,187.66,188.24,16266.648
2025-07-28T02:00:00.000+0000,188.32,193.79,187.9,193.39,18873.61
2025-07-28T04:00:00.000+0000,193.33,195.24,192.51,194.38,16705.528
2025-07-28T06:00:00.000+0000,194.38,194.52,191.58,192.4,19653.382
2025-07-28T08:00:00.000+0000,192.34,193.32,191.28,193.14,8484.677
2025-07-28T10:00:00.000+0000,193.14,193.3,190.65,192.01,6148.435
2025-07-28T12:00:00.000+0000,192.01,193.5,189.29,190.19,17385.295
2025-07-28T14:00:00.000+0000,190.21,190.68,186.56,187.19,22298.428
2025-07-28T16:00:00.000+0000,187.19,188.0,185.35,185.89,15060.076
2025-07-28T18:00:00.000+0000,185.9,186.45,183.48,185.29,21662.401
2025-07-28T20:00:00.000+0000,185.28,185.54,182.65,184.27,12193.029
2025-07-28T22:00:00.000+0000,184.26,184.65,182.15,183.11,13221.225
2025-07-29T00:00:00.000+0000,183.12,184.71,180.99,181.77,15021.741
2025-07-29T02:00:00.000+0000,181.8,184.69,180.64,184.32,12734.853
2025-07-29T04:00:00.000+0000,184.34,184.86,183.24,184.86,6697.604
2025-07-29T06:00:00.000+0000,184.87,186.63,184.51,186.02,12073.285
2025-07-29T08:00:00.000+0000,186.04,186.46,184.24,184.61,10408.948
2025-07-29T10:00:00.000+0000,184.58,184.8,182.26,182.92,10836.76
2025-07-29T12:00:00.000+0000,182.93,184.96,182.17,182.66,12665.966
2025-07-29T14:00:00.000+0000,182.7,182.78,179.28,180.82,34633.166
2025-07-29T16:00:00.000+0000,180.8,181.69,178.29,181.5,14998.449
2025-07-29T18:00:00.000+0000,181.47,182.38,180.41,181.12,9986.754
2025-07-29T20:00:00.000+0000,181.12,181.89,179.3,181.23,9994.667
2025-07-29T22:00:00.000+0000,181.25,181.97,180.41,181.48,4371.028
2025-07-30T00:00:00.000+0000,181.48,181.89,178.84,181.43,11936.216
2025-07-30T02:00:00.000+0000,181.36,182.34,181.11,181.7,8675.049
2025-07-30T04:00:00.000+0000,181.7,182.1,179.35,181.02,6517.444
2025-07-30T06:00:00.000+0000,181.02,182.51,180.36,180.84,7571.859
2025-07-30T08:00:00.000+0000,180.81,181.48,178.62,179.14,11418.854
2025-07-30T10:00:00.000+0000,179.13,180.09,176.44,177.2,17600.38
2025-07-30T12:00:00.000+0000,177.3,178.25,176.67,178.03,17049.652
2025-07-30T14:00:00.000+0000,177.99,180.57,177.76,179.14,13440.711
2025-07-30T16:00:00.000+0000,179.2,180.0,178.26,179.32,8170.114
2025-07-30T18:00:00.000+0000,179.31,180.13,170.3,176.13,58301.453
2025-07-30T20:00:00.000+0000,176.1,177.46,174.72,175.89,10767.472
2025-07-30T22:00:00.000+0000,175.84,178.05,175.13,177.72,5351.34
2025-07-31T00:00:00.000+0000,177.77,180.07,177.62,179.48,9367.666
2025-07-31T02:00:00.000+0000,179.43,180.54,179.21,180.32,7567.04
2025-07-31T04:00:00.000+0000,180.33,181.25,179.83,180.8,14074.513
2025-07-31T06:00:00.000+0000,180.8,181.63,180.24,181.23,18109.499
2025-07-31T08:00:00.000+0000,181.24,182.72,181.06,182.49,10011.053
2025-07-31T10:00:00.000+0000,182.52,182.62,180.25,180.73,10903.311
2025-07-31T12:00:00.000+0000,180.75,180.88,176.72,177.68,13872.655
2025-07-31T14:00:00.000+0000,177.73,178.22,175.28,177.38,20919.975
2025-07-31T16:00:00.000+0000,177.35,179.79,176.85,177.3,16939.198
2025-07-31T18:00:00.000+0000,177.29,178.21,174.74,175.31,20865.629
2025-07-31T20:00:00.000+0000,175.29,175.72,172.72,173.79,18735.539
2025-07-31T22:00:00.000+0000,173.8,174.36,171.44,172.25,16304.033
2025-08-01T00:00:00.000+0000,172.21,172.26,167.4,169.57,108345.643
2025-08-01T02:00:00.000+0000,169.5,172.2,169.23,171.14,15603.731
2025-08-01T04:00:00.000+0000,171.13,171.14,168.22,169.17,18495.325
2025-08-01T06:00:00.000+0000,169.12,169.97,167.96,169.42,18470.29
2025-08-01T08:00:00.000+0000,169.38,169.38,166.13,167.26,29654.482
2025-08-01T10:00:00.000+0000,167.33,169.24,167.08,169.18,13079.813
2025-08-01T12:00:00.000+0000,169.17,170.32,164.8,165.68,25962.974
2025-08-01T14:00:00.000+0000,165.65,169.69,164.55,168.55,22849.872
2025-08-01T16:00:00.000+0000,168.53,169.72,165.43,166.52,14348.938
2025-08-01T18:00:00.000+0000,166.51,167.57,165.1,166.47,25210.589
2025-08-01T20:00:00.000+0000,166.46,166.84,161.7,163.89,23056.192
2025-08-01T22:00:00.000+0000,163.9,163.96,159.16,162.71,35846.317
2025-08-02T00:00:00.000+0000,162.72,164.83,162.54,164.75,7794.628
2025-08-02T02:00:00.000+0000,164.76,165.01,164.15,164.36,5325.608
2025-08-02T04:00:00.000+0000,164.36,165.25,163.94,164.69,6432.776
2025-08-02T06:00:00.000+0000,164.69,164.77,161.83,164.46,14894.089
2025-08-02T08:00:00.000+0000,164.46,164.82,163.33,163.76,25742.524
2025-08-02T10:00:00.000+0000,163.77,165.1,162.22,164.51,14567.89
2025-08-02T12:00:00.000+0000,164.5,164.94,163.48,164.44,7731.264
2025-08-02T14:00:00.000+0000,164.45,164.74,161.06,161.52,10235.87
2025-08-02T16:00:00.000+0000,161.53,162.19,158.4,159.33,19707.235
2025-08-02T18:00:00.000+0000,159.34,159.75,155.84,157.46,33252.978
2025-08-02T20:00:00.000+0000,157.45,159.57,157.35,158.87,8934.244
2025-08-02T22:00:00.000+0000,158.87,159.79,157.04,158.47,13886.014
2025-08-03T00:00:00.000+0000,158.48,160.24,156.31,159.54,14507.456
2025-08-03T02:00:00.000+0000,159.53,161.08,159.52,160.86,6388.541
2025-08-03T04:00:00.000+0000,160.86,160.92,160.03,160.35,4073.769
2025-08-03T06:00:00.000+0000,160.35,161.6,160.05,161.36,4762.444
2025-08-03T08:00:00.000+0000,161.37,161.76,160.69,161.17,5377.628
2025-08-03T10:00:00.000+0000,161.17,162.88,161.15,161.47,13334.217
2025-08-03T12:00:00.000+0000,161.47,162.33,160.64,161.33,10612.756
2025-08-03T14:00:00.000+0000,161.34,162.28,160.38,162.08,8109.546
2025-08-03T16:00:00.000+0000,162.08,162.73,161.13,162.18,4551.007
2025-08-03T18:00:00.000+0000,162.18,162.64,161.34,161.63,5602.31
2025-08-03T20:00:00.000+0000,161.64,162.2,160.74,162.04,5030.965
2025-08-03T22:00:00.000+0000,162.03,163.13,160.95,161.96,7534.461
2025-08-04T00:00:00.000+0000,161.97,164.96,161.43,163.33,8987.705
2025-08-04T02:00:00.000+0000,163.34,164.39,162.64,163.01,4413.611
2025-08-04T04:00:00.000+0000,163.01,163.42,161.51,162.26,8454.873
2025-08-04T06:00:00.000+0000,162.27,163.28,161.28,163.05,8801.143
2025-08-04T08:00:00.000+0000,163.06,164.04,162.45,162.47,12838.557
2025-08-04T10:00:00.000+0000,162.47,162.98,161.67,162.39,7923.742
2025-08-04T12:00:00.000+0000,162.39,165.8,162.17,165.47,11744.056
2025-08-04T14:00:00.000+0000,165.48,166.89,164.52,165.51,16692.059
2025-08-04T16:00:00.000+0000,165.5,169.8,165.48,167.84,19490.212
2025-08-04T18:00:00.000+0000,167.81,168.11,165.03,165.66,6989.796
2025-08-04T20:00:00.000+0000,165.65,168.78,165.31,168.52,12273.66
2025-08-04T22:00:00.000+0000,168.53,169.76,168.22,169.57,7249.691
2025-08-05T00:00:00.000+0000,169.58,169.98,168.17,168.22,7091.916
2025-08-05T02:00:00.000+0000,168.23,169.5,167.59,167.91,5069.882
2025-08-05T04:00:00.000+0000,167.91,168.55,167.25,168.4,5452.863
2025-08-05T06:00:00.000+0000,168.41,169.24,165.8,166.22,11414.58
2025-08-05T08:00:00.000+0000,166.21,169.37,165.68,168.87,6891.224
2025-08-05T10:00:00.000+0000,168.88,171.72,168.45,170.89,13190.436
2025-08-05T12:00:00.000+0000,170.9,171.03,166.66,167.76,15199.375
2025-08-05T14:00:00.000+0000,167.76,167.78,162.93,163.78,27854.1
2025-08-05T16:00:00.000+0000,163.76,164.93,162.78,164.82,8562.157
2025-08-05T18:00:00.000+0000,164.81,164.94,162.28,162.77,6964.306
2025-08-05T20:00:00.000+0000,162.78,163.67,161.58,162.36,5653.333
2025-08-05T22:00:00.000+0000,162.35,164.54,161.3,164.09,6295.726
2025-08-06T00:00:00.000+0000,164.09,164.16,161.73,162.88,5278.581
2025-08-06T02:00:00.000+0000,162.87,163.29,161.17,161.87,4351.167
2025-08-06T04:00:00.000+0000,161.87,164.78,161.27,164.25,6511.192
2025-08-06T06:00:00.000+0000,164.26,164.59,163.43,164.25,3975.616
2025-08-06T08:00:00.000+0000,164.25,164.54,162.76,164.0,6688.872
2025-08-06T10:00:00.000+0000,163.99,164.62,162.94,164.2,4877.266
2025-08-06T12:00:00.000+0000,164.2,164.71,162.65,164.29,11413.693
2025-08-06T14:00:00.000+0000,164.29,169.41,164.01,169.05,21697.677
2025-08-06T16:00:00.000+0000,169.05,169.47,167.19,169.12,13835.608
2025-08-06T18:00:00.000+0000,169.13,169.93,167.98,168.83,7962.405
2025-08-06T20:00:00.000+0000,168.83,168.85,167.34,168.04,4109.21
2025-08-06T22:00:00.000+0000,168.05,168.51,167.85,168.1,4815.09
2025-08-07T00:00:00.000+0000,168.11,168.98,167.49,167.89,5051.849
2025-08-07T02:00:00.000+0000,167.88,168.01,166.71,166.91,6291.915
2025-08-07T04:00:00.000+0000,166.9,168.74,166.79,168.73,11357.89
2025-08-07T06:00:00.000+0000,168.73,170.37,168.57,170.0,18416.143
2025-08-07T08:00:00.000+0000,170.01,170.53,169.08,169.64,6931.846
2025-08-07T10:00:00.000+0000,169.64,173.49,169.42,172.82,25345.27792649
2025-08-07T12:00:00.000+0000,172.81,173.17,171.32,171.72,16715.218
2025-08-07T14:00:00.000+0000,171.73,171.77,169.74,170.47,17338.228
2025-08-07T16:00:00.000+0000,170.47,170.59,167.03,169.42,12711.653
2025-08-07T18:00:00.000+0000,169.43,171.9,168.79,171.76,7073.524
2025-08-07T20:00:00.000+0000,171.76,174.2,171.54,173.55,16121.425
2025-08-07T22:00:00.000+0000,173.55,175.5,173.55,175.36,10589.950399
2025-08-08T00:00:00.000+0000,175.36,175.64,173.41,174.53,124621.765
2025-08-08T02:00:00.000+0000,174.53,175.9,173.88,174.72,8904.585
2025-08-08T04:00:00.000+0000,174.71,175.17,173.89,174.2,6644.308
2025-08-08T06:00:00.000+0000,174.21,177.85,173.87,177.13,11480.552
2025-08-08T08:00:00.000+0000,177.14,177.79,174.9,176.05,13697.107
2025-08-08T10:00:00.000+0000,176.05,177.95,175.74,177.65,8709.018
2025-08-08T12:00:00.000+0000,177.64,178.76,175.48,178.62,16837.179
2025-08-08T14:00:00.000+0000,178.63,179.11,174.22,175.21,25133.501
2025-08-08T16:00:00.000+0000,175.22,179.37,175.2,179.33,13987.543
2025-08-08T18:00:00.000+0000,179.34,179.64,177.22,178.46,19928.973
2025-08-08T20:00:00.000+0000,178.46,178.75,177.25,177.59,9753.895
2025-08-08T22:00:00.000+0000,177.6,178.07,176.64,176.79,8193.834
2025-08-09T00:00:00.000+0000,176.79,179.03,176.66,178.69,9815.593
2025-08-09T02:00:00.000+0000,178.69,178.7,177.06,177.28,6117.683
2025-08-09T04:00:00.000+0000,177.29,182.13,176.95,180.83,23083.467
2025-08-09T06:00:00.000+0000,180.84,180.92,179.3,180.6,13174.558
2025-08-09T08:00:00.000+0000,180.61,182.71,180.41,182.25,10721.11
2025-08-09T10:00:00.000+0000,182.26,183.32,180.7,180.8,15085.426
2025-08-09T12:00:00.000+0000,180.79,182.47,179.81,179.81,10849.84
2025-08-09T14:00:00.000+0000,179.82,181.65,178.96,180.09,13999.522
2025-08-09T16:00:00.000+0000,180.1,181.96,179.46,181.6,16923.352
2025-08-09T18:00:00.000+0000,181.61,182.68,181.25,182.13,11970.418
2025-08-09T20:00:00.000+0000,182.13,183.45,180.67,181.25,17106.676
2025-08-09T22:00:00.000+0000,181.25,182.44,179.63,179.93,18181.656
2025-08-10T00:00:00.000+0000,179.93,184.62,179.73,184.47,22250.513
2025-08-10T02:00:00.000+0000,184.48,185.97,182.97,184.97,23609.637
2025-08-10T04:00:00.000+0000,184.97,186.15,181.72,182.02,16878.147
2025-08-10T06:00:00.000+0000,182.03,182.38,177.83,178.95,22437.361
2025-08-10T08:00:00.000+0000,178.95,181.03,177.54,180.41,14882.369
2025-08-10T10:00:00.000+0000,180.44,180.69,178.73,179.95,15802.5
2025-08-10T12:00:00.000+0000,179.96,180.29,178.84,178.84,7569.204
2025-08-10T14:00:00.000+0000,178.83,182.39,178.53,181.54,12425.229
2025-08-10T16:00:00.000+0000,181.52,182.45,181.23,181.68,7750.851
2025-08-10T18:00:00.000+0000,181.68,183.34,181.66,182.79,5805.514
2025-08-10T20:00:00.000+0000,182.79,183.93,181.27,183.52,16419.138
2025-08-10T22:00:00.000+0000,183.51,183.67,182.09,182.66,5670.705
2025-08-11T00:00:00.000+0000,182.68,183.87,181.28,183.69,10001.414
2025-08-11T02:00:00.000+0000,183.69,185.79,183.61,185.13,23227.669
2025-08-11T04:00:00.000+0000,185.14,186.77,184.9,185.3,15972.699
2025-08-11T06:00:00.000+0000,185.31,185.59,182.8,182.97,12958.086
2025-08-11T08:00:00.000+0000,182.97,184.66,182.14,183.13,11691.792
2025-08-11T10:00:00.000+0000,183.14,183.22,178.37,179.08,24848.888
2025-08-11T12:00:00.000+0000,179.07,180.06,177.27,179.62,26798.77
2025-08-11T14:00:00.000+0000,179.63,180.52,177.65,180.19,18853.75
2025-08-11T16:00:00.000+0000,180.18,181.76,178.04,178.17,14541.275
2025-08-11T18:00:00.000+0000,178.19,178.35,175.54,176.64,15884.824
2025-08-11T20:00:00.000+0000,176.63,176.85,173.93,175.05,14531.475
2025-08-11T22:00:00.000+0000,175.05,175.14,173.44,174.88,14814.579
2025-08-12T00:00:00.000+0000,174.88,176.42,174.65,176.14,12236.297
2025-08-12T02:00:00.000+0000,176.14,176.74,175.43,175.54,12992.699
2025-08-12T04:00:00.000+0000,175.54,176.64,174.0,174.83,14785.465
2025-08-12T06:00:00.000+0000,174.83,176.09,173.62,175.91,9750.737
2025-08-12T08:00:00.000+0000,175.91,176.51,174.41,174.56,30900.509
2025-08-12T10:00:00.000+0000,174.58,175.38,173.72,175.23,20587.762
2025-08-12T12:00:00.000+0000,175.25,178.7,174.76,176.53,77886.545
2025-08-12T14:00:00.000+0000,176.57,182.07,176.27,181.68,28021.012
2025-08-12T16:00:00.000+0000,181.71,186.66,180.77,185.89,48331.533
2025-08-12T18:00:00.000+0000,185.9,191.14,185.9,190.63,29523.981
2025-08-12T20:00:00.000+0000,190.63,193.76,189.61,192.48,38007.172
2025-08-12T22:00:00.000+0000,192.49,193.3,190.99,191.76,36423.229
2025-08-13T00:00:00.000+0000,191.75,194.99,191.48,194.2,66736.855
2025-08-13T02:00:00.000+0000,194.19,199.48,193.33,197.72,54276.37
2025-08-13T04:00:00.000+0000,197.72,200.09,196.01,196.52,45722.842
2025-08-13T06:00:00.000+0000,196.51,198.75,195.19,198.73,30666.296
2025-08-13T08:00:00.000+0000,198.66,202.74,197.61,202.2,51314.002
2025-08-13T10:00:00.000+0000,202.19,202.19,200.28,200.98,34611.193
2025-08-13T12:00:00.000+0000,200.97,204.95,200.5,202.5,64749.806
2025-08-13T14:00:00.000+0000,202.54,202.84,194.53,197.45,93914.551
2025-08-13T16:00:00.000+0000,197.45,200.14,197.02,199.03,24124.574
2025-08-13T18:00:00.000+0000,199.06,202.24,197.85,202.13,22554.996
2025-08-13T20:00:00.000+0000,202.1,202.27,199.88,200.98,22548.078
2025-08-13T22:00:00.000+0000,201.01,203.37,200.14,201.55,49906.569
2025-08-14T00:00:00.000+0000,201.54,204.68,200.59,202.61,48062.568
2025-08-14T02:00:00.000+0000,202.6,209.14,201.78,207.93,96679.875
2025-08-14T04:00:00.000+0000,207.94,209.86,206.32,206.58,48847.088
2025-08-14T06:00:00.000+0000,206.57,207.98,204.06,205.63,51026.582
2025-08-14T08:00:00.000+0000,205.71,205.86,202.5,205.43,33502.207
2025-08-14T10:00:00.000+0000,205.38,205.68,201.85,203.6,37920.533
2025-08-14T12:00:00.000+0000,203.59,205.45,186.88,194.88,197850.397
2025-08-14T14:00:00.000+0000,194.95,198.96,193.52,194.86,65970.082
2025-08-14T16:00:00.000+0000,194.87,195.48,190.48,193.78,66715.87
2025-08-14T18:00:00.000+0000,193.77,195.14,191.4,192.91,24189.75
2025-08-14T20:00:00.000+0000,192.92,193.24,187.31,190.28,44921.724
2025-08-14T22:00:00.000+0000,190.27,193.16,189.31,192.47,63458.013
2025-08-15T00:00:00.000+0000,192.47,194.31,191.92,193.7,46950.69
2025-08-15T02:00:00.000+0000,193.68,195.63,192.94,195.12,15393.713
2025-08-15T04:00:00.000+0000,195.17,196.49,194.45,196.49,26583.645
2025-08-15T06:00:00.000+0000,196.48,198.05,196.26,196.97,96958.124
2025-08-15T08:00:00.000+0000,196.97,197.61,193.64,194.2,72302.008
2025-08-15T10:00:00.000+0000,194.22,196.0,193.77,194.33,83594.491
2025-08-15T12:00:00.000+0000,194.36,196.11,190.21,190.55,103413.99
2025-08-15T14:00:00.000+0000,190.55,191.9,184.39,185.56,92415.325
2025-08-15T16:00:00.000+0000,185.54,186.91,183.41,185.86,58352.538
2025-08-15T18:00:00.000+0000,185.88,186.3,183.34,183.89,30227.03
2025-08-15T20:00:00.000+0000,183.89,185.71,183.36,185.66,29457.418
2025-08-15T22:00:00.000+0000,185.65,188.28,184.15,185.72,38895.46
2025-08-16T00:00:00.000+0000,185.7,188.18,185.33,187.95,13393.271
2025-08-16T02:00:00.000+0000,187.95,188.34,186.73,187.1,9492.432
2025-08-16T04:00:00.000+0000,187.11,188.12,186.12,186.15,15744.676
2025-08-16T06:00:00.000+0000,186.18,189.59,186.15,189.13,35242.93
2025-08-16T08:00:00.000+0000,189.14,189.24,185.93,186.07,39265.961
2025-08-16T10:00:00.000+0000,186.09,187.31,185.38,185.75,64558.2285013
2025-08-16T12:00:00.000+0000,185.75,188.48,185.19,187.41,54639.874
2025-08-16T14:00:00.000+0000,187.43,189.47,186.92,188.78,45777.567
2025-08-16T16:00:00.000+0000,188.79,189.36,187.1,187.99,39301.626
2025-08-16T18:00:00.000+0000,187.93,189.2,187.59,188.68,22962.333
2025-08-16T20:00:00.000+0000,188.69,189.23,188.27,188.41,25842.08
2025-08-16T22:00:00.000+0000,188.42,190.05,187.97,189.63,69005.648
2025-08-17T00:00:00.000+0000,189.63,189.69,187.37,188.39,106315.897
2025-08-17T02:00:00.000+0000,188.39,191.98,187.99,191.6,126226.097
2025-08-17T04:00:00.000+0000,191.61,193.51,191.52,192.62,102323.902
2025-08-17T06:00:00.000+0000,192.62,192.92,191.35,191.87,90268.683
2025-08-17T08:00:00.000+0000,191.87,193.63,191.53,192.3,93117.269
2025-08-17T10:00:00.000+0000,192.31,193.62,191.71,193.57,48926.497
2025-08-17T12:00:00.000+0000,193.57,193.78,191.91,193.21,82750.29
2025-08-17T14:00:00.000+0000,193.22,195.5,192.44,195.47,63294.505
2025-08-17T16:00:00.000+0000,195.47,195.83,192.79,193.37,69348.463
2025-08-17T18:00:00.000+0000,193.38,193.52,190.32,191.18,88845.724
2025-08-17T20:00:00.000+0000,191.18,192.01,190.94,191.24,47313.775
2025-08-17T22:00:00.000+0000,191.18,193.41,190.9,191.01,71825.38
2025-08-18T00:00:00.000+0000,191.0,191.33,186.55,186.56,72135.317
2025-08-18T02:00:00.000+0000,186.58,186.83,181.79,182.69,59198.283
2025-08-18T04:00:00.000+0000,182.65,183.51,181.22,182.92,60369.893
2025-08-18T06:00:00.000+0000,182.92,182.92,180.23,180.62,129618.75
2025-08-18T08:00:00.000+0000,180.63,182.0,180.04,181.22,63301.78
2025-08-18T10:00:00.000+0000,181.23,181.47,180.41,181.37,19423.572
2025-08-18T12:00:00.000+0000,181.35,183.37,180.52,180.55,30040.764
2025-08-18T14:00:00.000+0000,180.55,183.15,180.55,183.09,76282.78
2025-08-18T16:00:00.000+0000,183.09,185.68,181.78,184.63,34305.169
2025-08-18T18:00:00.000+0000,184.64,184.75,182.8,183.23,18603.437
2025-08-18T20:00:00.000+0000,183.2,184.18,182.07,183.81,13480.068
2025-08-18T22:00:00.000+0000,183.87,185.0,182.44,182.91,48317.461
2025-08-19T00:00:00.000+0000,182.91,185.83,181.19,183.11,59710.336
2025-08-19T02:00:00.000+0000,183.07,183.24,178.21,178.54,92660.629
2025-08-19T04:00:00.000+0000,178.52,180.6,177.32,179.79,51060.059
2025-08-19T06:00:00.000+0000,179.8,180.56,179.0,180.11,26404.65
2025-08-19T08:00:00.000+0000,180.12,182.5,179.11,181.35,69710.17
2025-08-19T10:00:00.000+0000,181.35,182.82,181.19,182.64,51891.161
2025-08-19T12:00:00.000+0000,182.66,183.38,180.65,182.07,71463.678
2025-08-19T14:00:00.000+0000,182.07,183.01,177.51,177.97,76162.254
2025-08-19T16:00:00.000+0000,177.99,178.74,176.35,178.13,47042.888
2025-08-19T18:00:00.000+0000,178.13,178.8,175.69,176.73,82012.714
2025-08-19T20:00:00.000+0000,176.75,179.23,175.93,179.08,36347.379
2025-08-19T22:00:00.000+0000,179.08,179.51,175.9,176.23,44379.264
2025-08-20T00:00:00.000+0000,176.22,179.8,176.04,179.58,112245.241
2025-08-20T02:00:00.000+0000,179.57,181.49,179.2,180.49,41375.969
2025-08-20T04:00:00.000+0000,180.5,181.71,179.83,181.08,25027.465
2025-08-20T06:00:00.000+0000,181.07,181.65,180.18,180.53,79973.602
2025-08-20T08:00:00.000+0000,180.53,182.24,180.31,180.93,110661.933
2025-08-20T10:00:00.000+0000,180.97,181.7,178.29,180.27,30405.978
2025-08-20T12:00:00.000+0000,180.26,182.28,178.7,178.82,49530.982
2025-08-20T14:00:00.000+0000,178.82,185.0,177.55,183.02,69507.09
2025-08-20T16:00:00.000+0000,183.03,186.24,183.0,185.14,50296.779
2025-08-20T18:00:00.000+0000,185.2,187.98,182.58,187.54,44842.596
2025-08-20T20:00:00.000+0000,187.6,187.84,185.81,186.99,49278.718
2025-08-20T22:00:00.000+0000,186.99,187.97,186.67,187.96,29431.767
2025-08-21T00:00:00.000+0000,187.97,189.19,186.81,189.09,37363.816
2025-08-21T02:00:00.000+0000,189.07,190.11,185.51,188.41,57526.183
2025-08-21T04:00:00.000+0000,188.41,188.69,186.61,188.09,57869.052
2025-08-21T06:00:00.000+0000,188.06,188.09,185.9,186.97,16568.968
2025-08-21T08:00:00.000+0000,186.98,187.02,184.05,184.9,54417.69
2025-08-21T10:00:00.000+0000,184.93,185.22,183.48,184.03,45896.065
2025-08-21T12:00:00.000+0000,184.02,185.78,182.76,184.06,64411.642
2025-08-21T14:00:00.000+0000,184.11,186.41,181.47,181.62,53601.043
2025-08-21T16:00:00.000+0000,181.65,182.38,179.89,181.18,42809.837
2025-08-21T18:00:00.000+0000,181.18,182.88,179.94,180.14,38740.063
2025-08-21T20:00:00.000+0000,180.14,181.6,179.41,181.14,46703.822
2025-08-21T22:00:00.000+0000,181.15,181.86,179.82,180.32,36909.544
2025-08-22T00:00:00.000+0000,180.32,182.09,180.0,181.95,20280.19
2025-08-22T02:00:00.000+0000,181.99,183.5,181.41,181.76,33782.841
2025-08-22T04:00:00.000+0000,181.76,183.89,181.73,183.65,20394.728
2025-08-22T06:00:00.000+0000,183.64,184.34,182.37,183.95,32289.173
2025-08-22T08:00:00.000+0000,183.95,185.05,182.44,182.93,42570.233
2025-08-22T10:00:00.000+0000,182.95,182.95,179.6,179.61,54598.879
2025-08-22T12:00:00.000+0000,179.62,181.27,177.27,180.26,86121.314
2025-08-22T14:00:00.000+0000,180.26,195.42,180.26,193.47,208284.668
2025-08-22T16:00:00.000+0000,193.47,198.12,193.47,196.86,80794.743
2025-08-22T18:00:00.000+0000,196.83,199.73,195.67,198.91,39880.227
2025-08-22T20:00:00.000+0000,198.98,202.38,198.37,200.2,59927.57
2025-08-22T22:00:00.000+0000,200.19,200.95,198.53,200.65,44647.735
2025-08-23T00:00:00.000+0000,200.67,200.78,196.77,197.81,60473.744
2025-08-23T02:00:00.000+0000,197.8,198.7,195.27,198.17,47464.577
2025-08-23T04:00:00.000+0000,198.19,208.55,198.09,207.5,88995.401
2025-08-23T06:00:00.000+0000,207.51,207.84,204.92,205.15,72278.949
2025-08-23T08:00:00.000+0000,205.18,205.62,202.19,204.48,64163.5
2025-08-23T10:00:00.000+0000,204.48,204.65,201.55,201.96,76939.629
2025-08-23T12:00:00.000+0000,201.98,203.17,200.58,201.49,75512.987
2025-08-23T14:00:00.000+0000,201.49,203.8,201.0,202.57,68569.759
2025-08-23T16:00:00.000+0000,202.58,203.78,202.22,203.28,56036.061
2025-08-23T18:00:00.000+0000,203.29,204.57,203.22,204.09,42664.527
2025-08-23T20:00:00.000+0000,204.09,204.27,203.05,203.09,31523.121
2025-08-23T22:00:00.000+0000,203.08,204.87,202.84,204.15,33301.943
2025-08-24T00:00:00.000+0000,204.15,208.82,204.14,208.13,127004.844
2025-08-24T02:00:00.000+0000,208.14,211.95,207.18,209.06,144412.347
2025-08-24T04:00:00.000+0000,209.05,210.75,208.08,208.5,94556.9
2025-08-24T06:00:00.000+0000,208.54,208.83,206.6,206.67,57892.115
2025-08-24T08:00:00.000+0000,206.68,208.98,206.12,208.19,51414.378
2025-08-24T10:00:00.000+0000,208.18,208.23,203.44,204.49,74150.582
2025-08-24T12:00:00.000+0000,204.49,205.69,203.6,204.75,67813.167
2025-08-24T14:00:00.000+0000,204.76,209.35,204.0,205.64,59381.259
2025-08-24T16:00:00.000+0000,205.65,209.79,205.56,209.36,57497.242
2025-08-24T18:00:00.000+0000,209.36,211.97,201.57,205.03,154554.914
2025-08-24T20:00:00.000+0000,205.04,205.67,201.07,204.36,93683.891
2025-08-24T22:00:00.000+0000,204.37,207.16,201.38,206.0,64685.604
2025-08-25T00:00:00.000+0000,206.03,208.93,202.22,206.96,79107.054
2025-08-25T02:00:00.000+0000,206.97,213.51,206.7,209.25,80464.894
2025-08-25T04:00:00.000+0000,209.27,209.72,203.53,203.7,79308.932
2025-08-25T06:00:00.000+0000,203.68,204.69,198.63,199.78,76514.026
2025-08-25T08:00:00.000+0000,199.79,200.79,198.12,199.45,40827.574
2025-08-25T10:00:00.000+0000,199.46,199.46,195.02,197.57,71473.638
2025-08-25T12:00:00.000+0000,197.55,198.52,195.57,198.24,80304.387
2025-08-25T14:00:00.000+0000,198.24,199.46,196.11,196.58,61169.849
2025-08-25T16:00:00.000+0000,196.6,198.36,195.2,196.7,45599.047
2025-08-25T18:00:00.000+0000,196.72,197.86,190.97,191.47,68145.227
2025-08-25T20:00:00.000+0000,191.51,192.12,186.03,186.39,146306.909
2025-08-25T22:00:00.000+0000,186.4,188.53,185.36,187.2,70331.495
2025-08-26T00:00:00.000+0000,187.19,188.98,185.59,188.24,78904.466
2025-08-26T02:00:00.000+0000,188.25,189.34,186.42,186.89,57010.85
2025-08-26T04:00:00.000+0000,186.91,189.58,186.91,188.76,52371.391
2025-08-26T06:00:00.000+0000,188.76,189.9,187.21,188.9,60477.269
2025-08-26T08:00:00.000+0000,188.93,190.37,187.51,188.0,74556.966
2025-08-26T10:00:00.000+0000,188.06,189.07,186.68,187.95,18997.176
2025-08-26T12:00:00.000+0000,187.96,192.21,187.18,189.39,62676.983
2025-08-26T14:00:00.000+0000,189.4,192.52,188.41,190.85,28221.42
2025-08-26T16:00:00.000+0000,190.81,194.21,190.59,193.72,31971.095
2025-08-26T18:00:00.000+0000,193.72,197.53,193.48,197.42,27734.114
2025-08-26T20:00:00.000+0000,197.38,197.73,195.37,196.79,26873.601
2025-08-26T22:00:00.000+0000,196.78,198.09,195.58,195.83,34892.528
2025-08-27T00:00:00.000+0000,195.83,196.73,193.81,196.28,50008.076
2025-08-27T02:00:00.000+0000,196.28,202.78,195.61,201.95,52593.56
2025-08-27T04:00:00.000+0000,201.93,205.65,201.71,202.84,55182.346
2025-08-27T06:00:00.000+0000,202.84,204.15,200.84,202.43,43922.969
2025-08-27T08:00:00.000+0000,202.44,205.12,201.56,203.9,41565.364
2025-08-27T10:00:00.000+0000,203.91,205.37,203.32,205.01,31250.093
2025-08-27T12:00:00.000+0000,205.0,205.97,202.61,204.39,62423.79
2025-08-27T14:00:00.000+0000,204.48,209.37,203.38,208.63,116874.026
2025-08-27T16:00:00.000+0000,208.66,209.97,206.6,209.17,46436.249
2025-08-27T18:00:00.000+0000,209.15,212.08,205.97,206.37,67882.067
2025-08-27T20:00:00.000+0000,206.41,209.42,202.92,205.57,141877.172
2025-08-27T22:00:00.000+0000,205.58,205.7,202.53,202.97,41729.131
2025-08-28T00:00:00.000+0000,202.97,206.46,201.7,205.9,46498.45
2025-08-28T02:00:00.000+0000,205.97,208.34,205.29,208.16,35164.297
2025-08-28T04:00:00.000+0000,208.15,213.22,207.49,211.63,86419.318
2025-08-28T06:00:00.000+0000,211.64,213.31,209.72,213.11,48887.554
2025-08-28T08:00:00.000+0000,213.08,216.49,211.52,211.61,90993.516
2025-08-28T10:00:00.000+0000,211.61,213.96,211.33,213.18,34961.835
2025-08-28T12:00:00.000+0000,213.22,216.89,212.01,212.76,69820.682
2025-08-28T14:00:00.000+0000,212.79,216.04,210.22,211.02,82362.446
2025-08-28T16:00:00.000+0000,211.04,213.98,207.15,210.45,61439.87
2025-08-28T18:00:00.000+0000,210.36,213.03,209.45,209.96,42640.453
2025-08-28T20:00:00.000+0000,209.97,213.94,209.61,213.7,45699.336
2025-08-28T22:00:00.000+0000,213.72,215.74,213.55,214.44,47968.984
2025-08-29T00:00:00.000+0000,214.42,217.97,212.09,213.49,55793.458
2025-08-29T02:00:00.000+0000,213.49,217.79,212.79,216.85,31981.841
2025-08-29T04:00:00.000+0000,216.85,217.93,214.63,215.79,80449.787
2025-08-29T06:00:00.000+0000,215.78,216.18,207.85,208.79,258159.012
2025-08-29T08:00:00.000+0000,208.79,210.04,205.35,207.71,91474.09
2025-08-29T10:00:00.000+0000,207.7,209.38,206.74,207.61,52374.671
2025-08-29T12:00:00.000+0000,207.62,214.92,207.13,208.98,121610.021
2025-08-29T14:00:00.000+0000,209.01,211.0,203.85,204.43,110046.889
2025-08-29T16:00:00.000+0000,204.44,205.49,202.12,202.51,74038.346
2025-08-29T18:00:00.000+0000,202.58,204.56,201.38,203.03,55542.44
2025-08-29T20:00:00.000+0000,203.01,204.02,199.88,203.78,49216.32
2025-08-29T22:00:00.000+0000,203.79,205.5,202.47,205.12,36449.814
2025-08-30T00:00:00.000+0000,205.11,205.4,201.01,201.17,36787.509
2025-08-30T02:00:00.000+0000,201.18,206.63,200.73,205.61,49940.424
2025-08-30T04:00:00.000+0000,205.62,207.04,204.4,206.12,31725.416
2025-08-30T06:00:00.000+0000,206.13,206.68,204.47,205.16,26855.461
2025-08-30T08:00:00.000+0000,205.14,205.57,201.7,202.42,30265.154
2025-08-30T10:00:00.000+0000,202.46,203.31,201.79,202.66,23261.883
2025-08-30T12:00:00.000+0000,202.63,202.7,197.61,199.17,54862.969
2025-08-30T14:00:00.000+0000,199.18,201.67,198.27,201.08,33915.353
2025-08-30T16:00:00.000+0000,201.06,201.61,199.76,200.94,24173.801
2025-08-30T18:00:00.000+0000,200.93,201.59,200.52,201.27,30747.418
2025-08-30T20:00:00.000+0000,201.25,201.31,199.76,200.6,23066.793
2025-08-30T22:00:00.000+0000,200.62,203.3,200.09,202.71,34528.762
2025-08-31T00:00:00.000+0000,202.73,206.62,202.73,206.39,54469.457
2025-08-31T02:00:00.000+0000,206.39,206.64,204.82,205.58,28615.337
2025-08-31T04:00:00.000+0000,205.58,205.65,203.49,204.64,27058.049
2025-08-31T06:00:00.000+0000,204.65,204.86,202.77,203.54,35639.177
2025-08-31T08:00:00.000+0000,203.53,205.86,203.53,204.03,31876.557
2025-08-31T10:00:00.000+0000,204.05,204.52,202.23,203.63,31868.703
2025-08-31T12:00:00.000+0000,203.63,203.81,201.74,202.11,29377.212
2025-08-31T14:00:00.000+0000,202.13,204.88,201.51,204.57,28518.429
2025-08-31T16:00:00.000+0000,204.57,205.64,203.68,204.95,27914.344
2025-08-31T18:00:00.000+0000,204.95,205.99,204.42,204.61,26048.982
2025-08-31T20:00:00.000+0000,204.61,205.45,204.24,205.35,19357.785
2025-08-31T22:00:00.000+0000,205.41,205.77,200.29,200.63,40971.884
2025-09-01T00:00:00.000+0000,200.63,202.5,198.51,200.98,48061.014
2025-09-01T02:00:00.000+0000,200.99,201.29,196.18,198.43,79051.856
2025-09-01T04:00:00.000+0000,198.41,198.97,196.66,198.41,39100.217
2025-09-01T06:00:00.000+0000,198.42,202.92,197.55,202.9,66660.697
2025-09-01T08:00:00.000+0000,202.92,204.55,201.02,201.02,53877.658
2025-09-01T10:00:00.000+0000,201.03,201.6,198.36,199.4,35483.253
2025-09-01T12:00:00.000+0000,199.41,201.16,198.78,199.69,32776.553
2025-09-01T14:00:00.000+0000,199.75,200.88,197.7,198.37,47653.155
2025-09-01T16:00:00.000+0000,198.36,199.13,197.31,198.55,35945.405
2025-09-01T18:00:00.000+0000,198.54,200.15,198.42,200.15,21540.124
2025-09-01T20:00:00.000+0000,200.15,200.15,194.45,195.08,83092.227
2025-09-01T22:00:00.000+0000,195.07,197.43,194.22,197.22,43071.716
2025-09-02T00:00:00.000+0000,197.31,199.99,196.77,199.22,30938.925
2025-09-02T02:00:00.000+0000,199.23,203.33,198.84,201.84,39038.042
2025-09-02T04:00:00.000+0000,201.84,203.5,201.41,203.25,24647.475
2025-09-02T06:00:00.000+0000,203.25,204.42,201.84,202.12,35747.881
2025-09-02T08:00:00.000+0000,202.11,204.38,202.02,204.38,30717.746
2025-09-02T10:00:00.000+0000,204.39,204.43,201.69,201.99,35905.84
2025-09-02T12:00:00.000+0000,201.97,204.3,197.38,204.06,81205.083
2025-09-02T14:00:00.000+0000,204.04,205.12,199.76,200.29,60081.964
2025-09-02T16:00:00.000+0000,200.28,205.31,199.49,204.79,41173.153
2025-09-02T18:00:00.000+0000,204.75,207.01,203.35,205.54,39694.393
2025-09-02T20:00:00.000+0000,205.5,208.21,204.89,207.31,34666.366
2025-09-02T22:00:00.000+0000,207.24,209.66,206.63,209.62,63131.979
2025-09-03T00:00:00.000+0000,209.62,211.79,207.4,211.48,58343.032
2025-09-03T02:00:00.000+0000,211.44,211.99,209.33,210.02,58869.468
2025-09-03T04:00:00.000+0000,210.02,210.46,208.93,209.03,28387.805
2025-09-03T06:00:00.000+0000,209.03,209.4,207.97,209.38,39141.082
2025-09-03T08:00:00.000+0000,209.35,210.76,208.14,209.59,34313.714
2025-09-03T10:00:00.000+0000,209.64,211.36,208.94,210.4,34451.887
2025-09-03T12:00:00.000+0000,210.38,213.03,208.79,211.63,60954.584
2025-09-03T14:00:00.000+0000,211.63,212.67,210.4,211.37,53821.979
2025-09-03T16:00:00.000+0000,211.4,211.98,209.5,210.82,31282.302
2025-09-03T18:00:00.000+0000,210.84,211.17,208.83,210.35,28917.975
2025-09-03T20:00:00.000+0000,210.36,210.44,208.4,208.92,23508.289
2025-09-03T22:00:00.000+0000,208.89,210.94,208.54,210.76,32822.828
2025-09-04T00:00:00.000+0000,210.76,211.94,209.76,210.37,41264.364
2025-09-04T02:00:00.000+0000,210.38,210.51,207.49,208.18,39295.346
2025-09-04T04:00:00.000+0000,208.2,208.54,205.7,206.79,40260.786
2025-09-04T06:00:00.000+0000,206.78,207.45,206.26,206.68,34431.615
2025-09-04T08:00:00.000+0000,206.68,208.16,206.61,208.08,26651.658
2025-09-04T10:00:00.000+0000,208.08,208.78,206.99,207.23,40767.69
2025-09-04T12:00:00.000+0000,207.23,208.5,206.32,207.1,57670.494
2025-09-04T14:00:00.000+0000,207.07,207.76,203.4,203.76,81810.808
2025-09-04T16:00:00.000+0000,203.79,205.16,203.52,203.93,37270.226
2025-09-04T18:00:00.000+0000,203.96,204.69,201.81,202.14,45228.41
2025-09-04T20:00:00.000+0000,202.11,204.0,201.87,203.81,28208.215
2025-09-04T22:00:00.000+0000,203.82,204.81,202.24,202.34,46493.402
2025-09-05T00:00:00.000+0000,202.32,203.77,200.95,203.47,46807.968
2025-09-05T02:00:00.000+0000,203.48,204.05,202.53,203.55,37672.063
2025-09-05T04:00:00.000+0000,203.57,204.88,203.02,204.7,38956.969
2025-09-05T06:00:00.000+0000,204.7,208.43,203.93,207.85,68972.95
2025-09-05T08:00:00.000+0000,207.87,207.96,204.51,205.87,34044.315
2025-09-05T10:00:00.000+0000,205.88,207.02,205.73,206.68,9054.47
2025-09-05T12:00:00.000+0000,206.67,210.0,205.0,209.66,121166.943
2025-09-05T14:00:00.000+0000,209.61,209.62,201.62,203.55,132568.021
2025-09-05T16:00:00.000+0000,203.59,204.08,202.22,202.43,52583.768
2025-09-05T18:00:00.000+0000,202.43,205.54,201.93,205.44,51847.413
2025-09-05T20:00:00.000+0000,205.43,205.69,202.95,203.12,35067.527
2025-09-05T22:00:00.000+0000,203.12,204.49,202.71,203.38,23261.827
2025-09-06T00:00:00.000+0000,203.39,204.64,203.21,204.43,20800.111
2025-09-06T02:00:00.000+0000,204.42,204.64,203.14,204.06,22672.185
2025-09-06T04:00:00.000+0000,204.06,204.06,202.13,202.27,22959.234
2025-09-06T06:00:00.000+0000,202.25,203.25,202.12,203.03,21777.986
2025-09-06T08:00:00.000+0000,203.04,203.55,202.68,202.69,21017.267
2025-09-06T10:00:00.000+0000,202.7,203.13,201.9,202.39,24299.714
2025-09-06T12:00:00.000+0000,202.4,202.88,201.42,202.32,24105.321
2025-09-06T14:00:00.000+0000,202.33,202.64,201.0,201.25,33043.818
2025-09-06T16:00:00.000+0000,201.25,202.31,199.63,200.16,48618.135
2025-09-06T18:00:00.000+0000,200.14,200.82,199.33,199.69,40119.516
2025-09-06T20:00:00.000+0000,199.73,201.2,199.7,200.77,22864.36
2025-09-06T22:00:00.000+0000,200.76,201.07,199.93,200.18,22535.212
2025-09-07T00:00:00.000+0000,200.18,203.19,200.11,202.69,31096.847
2025-09-07T02:00:00.000+0000,202.69,203.25,202.02,202.85,27395.255
2025-09-07T04:00:00.000+0000,202.85,203.24,202.34,202.84,24713.294
2025-09-07T06:00:00.000+0000,202.85,203.31,202.24,202.97,27937.304
2025-09-07T08:00:00.000+0000,203.0,203.96,202.73,203.17,36265.979
2025-09-07T10:00:00.000+0000,203.18,203.97,202.87,203.96,21740.071
2025-09-07T12:00:00.000+0000,203.97,204.01,203.1,203.43,23661.536
2025-09-07T14:00:00.000+0000,203.42,205.51,203.14,205.16,46716.613
2025-09-07T16:00:00.000+0000,205.16,205.47,201.73,202.0,78292.373
2025-09-07T18:00:00.000+0000,202.0,203.08,201.49,203.07,49742.569
2025-09-07T20:00:00.000+0000,203.08,205.15,202.58,204.68,39793.689
2025-09-07T22:00:00.000+0000,204.66,207.93,204.32,206.35,67039.09
2025-09-08T00:00:00.000+0000,206.34,207.38,205.6,206.9,40697.622
2025-09-08T02:00:00.000+0000,206.9,208.96,206.14,207.63,64388.252
2025-09-08T04:00:00.000+0000,207.63,208.61,206.69,207.3,43328.361
2025-09-08T06:00:00.000+0000,207.3,208.83,206.65,207.9,71138.57
2025-09-08T08:00:00.000+0000,207.9,210.9,207.36,210.85,89801.43
2025-09-08T10:00:00.000+0000,210.85,215.76,210.37,214.24,186713.972
2025-09-08T12:00:00.000+0000,214.25,216.3,212.97,213.28,107055.644
2025-09-08T14:00:00.000+0000,213.29,216.69,213.0,215.02,112188.598
2025-09-08T16:00:00.000+0000,215.02,216.95,213.87,215.43,62671.484
2025-09-08T18:00:00.000+0000,215.41,217.05,214.79,216.11,72946.432
2025-09-08T20:00:00.000+0000,216.12,216.19,213.91,215.12,56100.977
2025-09-08T22:00:00.000+0000,215.12,215.55,213.55,214.12,36328.877
2025-09-09T00:00:00.000+0000,214.14,214.96,212.18,213.24,55646.08
2025-09-09T02:00:00.000+0000,213.24,214.77,210.9,214.63,88837.402
2025-09-09T04:00:00.000+0000,214.6,215.66,213.94,215.21,61151.813
2025-09-09T06:00:00.000+0000,215.21,219.79,215.04,219.21,109490.034
2025-09-09T08:00:00.000+0000,219.22,219.56,218.49,218.97,70870.863
2025-09-09T10:00:00.000+0000,218.96,219.17,217.0,217.24,54940.608
2025-09-09T12:00:00.000+0000,217.23,218.45,216.31,218.04,78847.729
2025-09-09T14:00:00.000+0000,218.04,218.54,211.69,213.05,166957.777
2025-09-09T16:00:00.000+0000,213.05,215.69,213.02,214.89,70088.641
2025-09-09T18:00:00.000+0000,214.91,216.98,214.46,216.32,44789.966
2025-09-09T20:00:00.000+0000,216.33,216.6,215.17,215.21,30152.839
2025-09-09T22:00:00.000+0000,215.21,217.81,215.05,217.23,37683.096
2025-09-10T00:00:00.000+0000,217.25,217.55,215.11,216.31,43286.67
2025-09-10T02:00:00.000+0000,216.33,219.62,216.33,219.17,60165.121
2025-09-10T04:00:00.000+0000,219.17,219.25,217.78,218.64,52344.407
2025-09-10T06:00:00.000+0000,218.62,222.93,218.0,222.24,116883.385
2025-09-10T08:00:00.000+0000,222.24,222.4,219.91,220.45,91426.233
2025-09-10T10:00:00.000+0000,220.45,220.6,218.81,220.23,64265.821
2025-09-10T12:00:00.000+0000,220.24,225.99,219.75,224.16,179018.698
2025-09-10T14:00:00.000+0000,224.2,225.08,222.29,223.11,111240.455
2025-09-10T16:00:00.000+0000,223.15,224.12,221.55,222.65,68136.215
2025-09-10T18:00:00.000+0000,222.66,223.13,220.55,221.29,52425.828
2025-09-10T20:00:00.000+0000,221.26,223.74,220.96,223.45,27723.481
2025-09-10T22:00:00.000+0000,223.43,224.64,223.16,224.08,31775.998
2025-09-11T00:00:00.000+0000,224.08,225.59,223.85,224.82,54388.811
2025-09-11T02:00:00.000+0000,224.82,225.05,222.96,224.17,45185.442
2025-09-11T04:00:00.000+0000,224.17,224.29,221.73,222.25,71188.198
2025-09-11T06:00:00.000+0000,222.26,223.61,221.91,223.24,84747.673
2025-09-11T08:00:00.000+0000,223.25,225.22,222.3,224.47,65567.302
2025-09-11T10:00:00.000+0000,224.49,225.84,224.35,225.06,74655.172
2025-09-11T12:00:00.000+0000,225.07,228.94,222.88,228.18,190286.466
2025-09-11T14:00:00.000+0000,228.19,228.24,225.35,226.82,126469.377
2025-09-11T16:00:00.000+0000,226.82,228.34,225.31,227.48,73590.769
2025-09-11T18:00:00.000+0000,227.47,227.73,225.91,226.64,68574.197
2025-09-11T20:00:00.000+0000,226.64,227.02,225.49,226.71,41045.65
2025-09-11T22:00:00.000+0000,226.73,228.94,226.42,228.74,47682.525
2025-09-12T00:00:00.000+0000,228.75,234.96,228.1,232.23,117436.976
2025-09-12T02:00:00.000+0000,232.23,235.75,232.15,235.07,67125.196
2025-09-12T04:00:00.000+0000,235.08,239.8,234.2,238.63,141617.744
2025-09-12T06:00:00.000+0000,238.62,238.91,237.04,237.37,102071.742
2025-09-12T08:00:00.000+0000,237.38,238.55,236.7,238.47,78990.022
2025-09-12T10:00:00.000+0000,238.46,239.56,237.54,239.19,81509.25
2025-09-12T12:00:00.000+0000,239.2,240.39,237.62,239.57,107979.594
2025-09-12T14:00:00.000+0000,239.57,241.84,238.53,239.33,108306.408
2025-09-12T16:00:00.000+0000,239.33,241.31,238.0,240.28,60982.026
2025-09-12T18:00:00.000+0000,240.27,241.52,239.61,241.05,105115.579
2025-09-12T20:00:00.000+0000,240.99,241.26,238.39,240.1,77697.413
2025-09-12T22:00:00.000+0000,240.12,244.09,239.99,242.19,73361.54
2025-09-13T00:00:00.000+0000,242.2,244.13,241.62,241.63,90091.034
2025-09-13T02:00:00.000+0000,241.62,243.99,240.74,243.62,59502.584
2025-09-13T04:00:00.000+0000,243.62,243.73,241.26,241.71,62899.205
2025-09-13T06:00:00.000+0000,241.71,243.19,241.7,242.48,45715.471
2025-09-13T08:00:00.000+0000,242.49,243.75,242.07,243.47,60841.757
2025-09-13T10:00:00.000+0000,243.46,243.46,241.33,241.96,69312.531
2025-09-13T12:00:00.000+0000,241.97,243.12,238.0,240.09,75199.985
2025-09-13T14:00:00.000+0000,240.09,241.13,238.53,239.46,74303.613
2025-09-13T16:00:00.000+0000,239.46,239.72,235.77,237.8,85306.784
2025-09-13T18:00:00.000+0000,237.78,239.33,237.14,238.99,33473.835961
2025-09-13T20:00:00.000+0000,238.99,241.45,238.85,240.11,32111.33
2025-09-13T22:00:00.000+0000,240.12,243.14,240.0,242.34,49473.4
2025-09-14T00:00:00.000+0000,242.37,246.59,242.21,245.79,93391.912
2025-09-14T02:00:00.000+0000,245.83,249.64,245.75,246.86,85053.244
2025-09-14T04:00:00.000+0000,246.86,248.07,244.5,247.71,63835.421
2025-09-14T06:00:00.000+0000,247.72,248.35,245.76,246.42,47807.642
2025-09-14T08:00:00.000+0000,246.43,247.77,245.9,247.77,51667.014
2025-09-14T10:00:00.000+0000,247.76,248.1,245.55,246.11,66325.781
2025-09-14T12:00:00.000+0000,246.1,246.76,243.0,243.74,69036.8
2025-09-14T14:00:00.000+0000,243.78,245.09,241.55,243.84,104658.672
2025-09-14T16:00:00.000+0000,243.83,248.45,243.42,247.94,73593.974
2025-09-14T18:00:00.000+0000,247.94,247.97,242.14,242.53,79703.141
2025-09-14T20:00:00.000+0000,242.53,244.73,240.59,244.16,84861.168
2025-09-14T22:00:00.000+0000,244.16,244.27,239.27,239.77,49255.622
2025-09-15T00:00:00.000+0000,239.76,242.18,239.18,241.13,36596.712
2025-09-15T02:00:00.000+0000,241.12,243.42,240.34,242.64,42086.117
2025-09-15T04:00:00.000+0000,242.65,243.98,242.07,243.97,36625.871
2025-09-15T06:00:00.000+0000,243.95,244.0,236.19,237.97,82297.826
2025-09-15T08:00:00.000+0000,237.96,238.09,231.56,235.58,180465.182
2025-09-15T10:00:00.000+0000,235.57,236.96,234.09,236.41,93684.534
2025-09-15T12:00:00.000+0000,236.43,238.13,234.16,235.22,94095.28
2025-09-15T14:00:00.000+0000,235.24,235.67,232.0,232.98,76544.728
2025-09-15T16:00:00.000+0000,232.97,233.66,230.15,233.29,78090.376
2025-09-15T18:00:00.000+0000,233.28,234.68,231.92,233.03,48714.496
2025-09-15T20:00:00.000+0000,233.0,235.39,232.77,235.19,29844.183
2025-09-15T22:00:00.000+0000,235.18,235.36,233.06,234.33,30753.814
2025-09-16T00:00:00.000+0000,234.33,235.65,232.85,233.95,41548.38
2025-09-16T02:00:00.000+0000,233.95,235.78,233.83,235.07,25274.178
2025-09-16T04:00:00.000+0000,235.07,236.55,232.98,236.54,39709.37
2025-09-16T06:00:00.000+0000,236.55,237.0,234.75,235.77,36547.543
2025-09-16T08:00:00.000+0000,235.79,236.91,234.89,235.32,42770.522
2025-09-16T10:00:00.000+0000,235.33,236.02,234.78,235.38,35778.54
2025-09-16T12:00:00.000+0000,235.39,235.88,231.49,233.1,78002.336
2025-09-16T14:00:00.000+0000,233.1,238.0,231.3,237.75,107968.624
2025-09-16T16:00:00.000+0000,237.75,240.93,236.2,238.13,140963.598
2025-09-16T18:00:00.000+0000,238.13,239.06,236.85,237.84,49522.264
2025-09-16T20:00:00.000+0000,237.84,238.79,237.15,238.53,31386.835
2025-09-16T22:00:00.000+0000,238.54,238.99,236.48,236.91,38895.147
2025-09-17T00:00:00.000+0000,236.94,237.03,235.59,236.33,29719.487
2025-09-17T02:00:00.000+0000,236.33,237.86,233.85,234.09,63287.576
2025-09-17T04:00:00.000+0000,234.1,235.42,233.23,235.08,55437.238
2025-09-17T06:00:00.000+0000,235.06,238.1,234.77,237.72,81371.794
2025-09-17T08:00:00.000+0000,237.73,237.73,235.08,235.2,74483.346
2025-09-17T10:00:00.000+0000,235.21,236.36,233.68,234.2,64012.399
2025-09-17T12:00:00.000+0000,234.24,235.98,234.01,235.47,75618.347
2025-09-17T14:00:00.000+0000,235.47,235.93,233.59,233.92,83582.229
2025-09-17T16:00:00.000+0000,233.91,237.0,232.3,232.49,82059.907
2025-09-17T18:00:00.000+0000,232.73,239.06,232.41,238.79,185781.103
2025-09-17T20:00:00.000+0000,238.69,241.19,236.01,240.27,78729.437
2025-09-17T22:00:00.000+0000,240.31,246.6,240.31,244.78,102651.712
2025-09-18T00:00:00.000+0000,244.83,247.47,244.12,246.3,72270.404
2025-09-18T02:00:00.000+0000,246.33,247.83,245.11,246.72,66944.538
2025-09-18T04:00:00.000+0000,246.72,246.96,244.35,244.92,46607.528
2025-09-18T06:00:00.000+0000,244.94,245.29,242.59,244.72,75599.403
2025-09-18T08:00:00.000+0000,244.73,247.19,244.37,247.08,49835.184
2025-09-18T10:00:00.000+0000,247.07,247.11,245.31,245.97,35488.478
2025-09-18T12:00:00.000+0000,245.98,248.32,245.02,246.17,75876.701
2025-09-18T14:00:00.000+0000,246.13,248.99,246.13,248.24,108494.999
2025-09-18T16:00:00.000+0000,248.23,253.47,247.66,251.35,178807.684
2025-09-18T18:00:00.000+0000,251.34,251.41,247.34,248.35,75601.544
2025-09-18T20:00:00.000+0000,248.36,249.16,247.44,247.65,50512.939
2025-09-18T22:00:00.000+0000,247.65,248.18,245.9,247.48,73419.035
2025-09-19T00:00:00.000+0000,247.49,248.57,246.8,247.49,43884.221
2025-09-19T02:00:00.000+0000,247.43,248.03,244.69,245.05,58836.682
2025-09-19T04:00:00.000+0000,245.02,245.75,242.84,245.66,86627.888
2025-09-19T06:00:00.000+0000,245.67,245.67,243.12,243.83,63135.042
2025-09-19T08:00:00.000+0000,243.82,244.86,242.14,242.88,50882.459
2025-09-19T10:00:00.000+0000,242.88,242.99,240.11,240.92,86983.93
2025-09-19T12:00:00.000+0000,240.92,242.29,240.45,242.11,74981.345
2025-09-19T14:00:00.000+0000,242.11,242.7,235.83,237.55,171878.223
2025-09-19T16:00:00.000+0000,237.54,238.89,236.51,236.67,67723.888
2025-09-19T18:00:00.000+0000,236.65,237.94,235.15,235.94,77300.749
2025-09-19T20:00:00.000+0000,236.0,238.41,236.0,238.38,39350.492
2025-09-19T22:00:00.000+0000,238.39,238.85,236.83,238.52,40691.41
2025-09-20T00:00:00.000+0000,238.52,239.98,238.29,238.42,51940.164
2025-09-20T02:00:00.000+0000,238.42,238.52,237.39,238.1,35695.386
2025-09-20T04:00:00.000+0000,238.11,239.51,237.76,239.43,32322.562
2025-09-20T06:00:00.000+0000,239.43,239.78,238.75,239.78,34103.275
2025-09-20T08:00:00.000+0000,239.77,239.77,237.21,237.24,50675.564
2025-09-20T10:00:00.000+0000,237.24,238.45,236.91,238.18,33256.336
2025-09-20T12:00:00.000+0000,238.18,238.22,237.32,237.46,31751.131
2025-09-20T14:00:00.000+0000,237.47,241.2,237.07,240.1,92645.896
2025-09-20T16:00:00.000+0000,240.11,241.1,238.92,239.13,53404.898
2025-09-20T18:00:00.000+0000,239.14,239.14,238.01,238.63,39135.25
2025-09-20T20:00:00.000+0000,238.63,240.3,238.43,239.78,35045.593
2025-09-20T22:00:00.000+0000,239.79,240.19,239.0,239.48,24133.412
2025-09-21T00:00:00.000+0000,239.48,240.73,238.96,240.1,40703.113
2025-09-21T02:00:00.000+0000,240.1,241.75,239.87,241.75,41553.359
2025-09-21T04:00:00.000+0000,241.76,241.8,240.17,240.4,36004.04
2025-09-21T06:00:00.000+0000,240.4,241.06,239.46,239.87,32995.392
2025-09-21T08:00:00.000+0000,239.89,240.1,237.1,238.48,57330.255
2025-09-21T10:00:00.000+0000,238.49,239.23,238.05,238.65,34872.759
2025-09-21T12:00:00.000+0000,238.67,240.31,238.57,239.52,29012.372
2025-09-21T14:00:00.000+0000,239.53,239.89,237.72,237.92,42008.315
2025-09-21T16:00:00.000+0000,237.92,238.42,236.1,237.81,47579.521
2025-09-21T18:00:00.000+0000,237.81,238.15,237.13,237.98,26496.984
2025-09-21T20:00:00.000+0000,237.98,238.06,236.72,237.3,20710.033
2025-09-21T22:00:00.000+0000,237.3,238.14,235.35,236.19,48682.162
2025-09-22T00:00:00.000+0000,236.19,236.99,231.35,233.2,164053.507
2025-09-22T02:00:00.000+0000,233.18,233.98,230.53,232.84,63430.927
2025-09-22T04:00:00.000+0000,232.84,233.2,225.0,225.0,61977.71
2025-09-22T06:00:00.000+0000,225.0,225.31,215.0,221.94,224819.761
2025-09-22T08:00:00.000+0000,221.94,222.85,219.38,220.55,98833.528
2025-09-22T10:00:00.000+0000,220.54,222.84,219.95,221.54,72691.085
2025-09-22T12:00:00.000+0000,221.57,224.06,220.64,223.75,83403.692
2025-09-22T14:00:00.000+0000,223.74,224.11,220.01,220.78,84547.253
2025-09-22T16:00:00.000+0000,220.78,221.55,217.89,221.14,99152.003
2025-09-22T18:00:00.000+0000,221.1,221.23,216.68,217.13,81622.466
2025-09-22T20:00:00.000+0000,217.12,221.08,216.48,220.88,53547.37
2025-09-22T22:00:00.000+0000,220.9,220.9,219.71,220.39,42592.914
2025-09-23T00:00:00.000+0000,220.4,221.39,216.63,216.63,55368.159
2025-09-23T02:00:00.000+0000,216.63,217.9,212.36,216.93,119036.161
2025-09-23T04:00:00.000+0000,216.93,217.8,214.04,216.94,58119.547
2025-09-23T06:00:00.000+0000,216.95,220.31,216.9,218.98,66795.277
2025-09-23T08:00:00.000+0000,219.02,220.88,218.22,218.67,67920.944
2025-09-23T10:00:00.000+0000,218.67,219.64,217.88,219.36,39859.857
2025-09-23T12:00:00.000+0000,219.33,220.64,218.6,219.05,45112.864
2025-09-23T14:00:00.000+0000,219.06,220.66,217.02,219.29,48956.687
2025-09-23T16:00:00.000+0000,219.27,221.71,215.91,216.74,59495.022
2025-09-23T18:00:00.000+0000,216.75,217.18,214.35,214.57,79765.976
2025-09-23T20:00:00.000+0000,214.5,216.67,213.26,215.83,59930.207
2025-09-23T22:00:00.000+0000,215.84,216.44,213.22,213.28,35047.192
2025-09-24T00:00:00.000+0000,213.28,216.39,212.81,216.18,46442.146
2025-09-24T02:00:00.000+0000,216.21,216.43,207.6,208.52,147754.735
2025-09-24T04:00:00.000+0000,208.51,210.51,204.93,209.76,143882.255
2025-09-24T06:00:00.000+0000,209.74,211.4,208.64,210.6,161085.55
2025-09-24T08:00:00.000+0000,210.6,211.18,209.84,210.98,37778.25
2025-09-24T10:00:00.000+0000,210.96,212.59,210.12,212.33,81545.177
2025-09-24T12:00:00.000+0000,212.32,213.37,211.45,211.6,70790.154
2025-09-24T14:00:00.000+0000,211.62,216.24,211.43,213.59,94363.116
2025-09-24T16:00:00.000+0000,213.6,215.47,213.24,215.13,65234.456
2025-09-24T18:00:00.000+0000,215.17,215.21,212.41,213.2,52296.051
2025-09-24T20:00:00.000+0000,213.21,213.23,210.7,211.26,43931.725
2025-09-24T22:00:00.000+0000,211.26,212.33,210.94,211.59,39836.256
2025-09-25T00:00:00.000+0000,211.59,212.43,207.8,208.25,80445.745
2025-09-25T02:00:00.000+0000,208.25,211.95,206.04,207.29,106401.105
2025-09-25T04:00:00.000+0000,207.29,207.6,202.76,205.45,93651.426
2025-09-25T06:00:00.000+0000,205.41,205.76,203.33,204.21,44976.76
2025-09-25T08:00:00.000+0000,204.2,205.91,201.8,202.28,82888.351
2025-09-25T10:00:00.000+0000,202.31,203.73,200.72,201.36,87372.992
2025-09-25T12:00:00.000+0000,201.32,202.56,197.0,200.78,128487.178
2025-09-25T14:00:00.000+0000,200.79,204.03,200.36,201.13,60740.129
2025-09-25T16:00:00.000+0000,201.13,201.96,193.61,194.82,103297.304
2025-09-25T18:00:00.000+0000,194.81,200.9,194.48,198.08,84688.405
2025-09-25T20:00:00.000+0000,198.12,198.71,194.72,196.35,48868.251
2025-09-25T22:00:00.000+0000,196.34,197.52,191.34,192.74,79119.798
2025-09-26T00:00:00.000+0000,192.72,197.16,192.53,195.91,66997.41
2025-09-26T02:00:00.000+0000,195.89,197.54,195.14,196.49,40238.047
2025-09-26T04:00:00.000+0000,196.49,197.41,194.41,195.1,32336.852
2025-09-26T06:00:00.000+0000,195.11,196.99,193.79,196.3,48584.463
2025-09-26T08:00:00.000+0000,196.31,196.98,193.78,194.62,54862.773
2025-09-26T10:00:00.000+0000,194.64,194.7,190.83,193.46,58245.938
2025-09-26T12:00:00.000+0000,193.41,198.26,192.17,197.13,99075.575
2025-09-26T14:00:00.000+0000,197.08,197.29,193.33,196.02,60724.8
2025-09-26T16:00:00.000+0000,196.03,202.04,195.79,201.42,82845.29
2025-09-26T18:00:00.000+0000,201.42,202.65,198.96,200.7,67855.108
2025-09-26T20:00:00.000+0000,200.74,202.49,199.58,202.27,29795.281
2025-09-26T22:00:00.000+0000,202.33,205.47,201.84,205.16,37954.273
2025-09-27T00:00:00.000+0000,205.14,205.42,203.61,204.37,49548.439
2025-09-27T02:00:00.000+0000,204.38,205.07,203.58,203.85,56830.892
2025-09-27T04:00:00.000+0000,203.85,204.12,202.26,202.49,38689.159
2025-09-27T06:00:00.000+0000,202.49,203.13,201.54,202.06,44255.059
2025-09-27T08:00:00.000+0000,202.06,202.23,199.89,201.16,41038.912
2025-09-27T10:00:00.000+0000,201.2,202.06,200.5,201.71,26960.737
2025-09-27T12:00:00.000+0000,201.71,203.4,200.96,202.89,38416.898
2025-09-27T14:00:00.000+0000,202.91,203.76,201.78,203.5,28979.035
2025-09-27T16:00:00.000+0000,203.55,203.61,200.88,201.89,40854.764
2025-09-27T18:00:00.000+0000,201.83,202.35,200.95,202.22,25970.109
2025-09-27T20:00:00.000+0000,202.22,204.07,201.9,203.85,18854.117
2025-09-27T22:00:00.000+0000,203.85,204.9,203.23,203.44,23471.302
2025-09-28T00:00:00.000+0000,203.45,204.05,201.01,201.16,30211.034
2025-09-28T02:00:00.000+0000,201.16,202.06,200.77,201.42,33167.519
2025-09-28T04:00:00.000+0000,201.42,202.47,201.19,201.31,22237.223
2025-09-28T06:00:00.000+0000,201.32,202.32,200.39,202.11,33662.24
2025-09-28T08:00:00.000+0000,202.11,202.7,200.63,200.7,36515.268
2025-09-28T10:00:00.000+0000,200.71,201.08,199.24,199.87,29293.162
2025-09-28T12:00:00.000+0000,199.87,201.4,198.01,201.18,34126.164
2025-09-28T14:00:00.000+0000,201.18,203.55,200.45,203.39,28222.776
2025-09-28T16:00:00.000+0000,203.44,205.84,203.23,205.03,36578.861
2025-09-28T18:00:00.000+0000,205.04,206.65,204.82,206.19,32936.04
2025-09-28T20:00:00.000+0000,206.22,207.79,206.01,207.22,35555.469
2025-09-28T22:00:00.000+0000,207.24,210.97,207.24,210.83,95054.375
2025-09-29T00:00:00.000+0000,210.84,210.89,208.77,209.42,73668.159
2025-09-29T02:00:00.000+0000,209.43,210.81,208.9,210.24,101302.469
2025-09-29T04:00:00.000+0000,210.27,210.65,208.8,209.12,75445.149
2025-09-29T06:00:00.000+0000,209.13,209.3,207.37,208.94,119772.237
2025-09-29T08:00:00.000+0000,208.95,209.65,207.88,208.2,76147.105
2025-09-29T10:00:00.000+0000,208.23,208.33,206.04,207.08,67093.134
2025-09-29T12:00:00.000+0000,207.08,209.47,204.61,208.84,124163.107
2025-09-29T14:00:00.000+0000,208.84,213.5,208.66,210.07,189313.699
2025-09-29T16:00:00.000+0000,210.07,211.57,207.66,210.17,91049.267
2025-09-29T18:00:00.000+0000,210.17,213.51,209.12,212.94,81367.514
2025-09-29T20:00:00.000+0000,212.95,214.73,212.51,214.16,97789.34
2025-09-29T22:00:00.000+0000,214.16,214.27,212.43,212.73,84693.695
2025-09-30T00:00:00.000+0000,212.74,213.66,209.83,210.6,149530.141
2025-09-30T02:00:00.000+0000,210.59,211.47,209.99,210.71,52308.268
2025-09-30T04:00:00.000+0000,210.74,211.72,208.96,210.02,70828.192
2025-09-30T06:00:00.000+0000,210.02,210.9,208.54,209.01,63206.949
2025-09-30T08:00:00.000+0000,209.01,209.01,205.58,205.91,110556.612
2025-09-30T10:00:00.000+0000,205.89,207.28,205.56,207.08,77985.819
2025-09-30T12:00:00.000+0000,207.08,209.62,205.69,207.7,73437.567
2025-09-30T14:00:00.000+0000,207.64,208.9,204.68,206.0,88879.068
2025-09-30T16:00:00.000+0000,206.0,206.32,204.31,205.66,88179.076
2025-09-30T18:00:00.000+0000,205.68,209.22,205.35,208.99,91491.775
2025-09-30T20:00:00.000+0000,208.97,210.98,208.18,209.6,109505.908
2025-09-30T22:00:00.000+0000,209.61,210.95,207.43,208.7,151745.301
2025-10-01T00:00:00.000+0000,208.71,210.72,206.45,210.59,84455.815
2025-10-01T02:00:00.000+0000,210.59,210.89,206.62,206.66,102224.01
2025-10-01T04:00:00.000+0000,206.71,210.0,206.36,208.98,56984.128
2025-10-01T06:00:00.000+0000,208.98,210.35,207.81,210.16,58616.708
2025-10-01T08:00:00.000+0000,210.16,217.94,209.85,217.54,61902.619
2025-10-01T10:00:00.000+0000,217.55,217.88,216.03,217.76,16555.796
2025-10-01T12:00:00.000+0000,217.74,219.92,217.17,219.32,72428.493
2025-10-01T14:00:00.000+0000,219.32,220.65,218.72,220.22,86086.376
2025-10-01T16:00:00.000+0000,220.23,220.98,217.36,217.38,77094.662
2025-10-01T18:00:00.000+0000,217.38,220.46,217.38,220.05,59066.446
2025-10-01T20:00:00.000+0000,220.06,220.28,218.44,219.02,37137.063
2025-10-01T22:00:00.000+0000,219.07,222.75,219.03,222.02,81663.818
2025-10-02T00:00:00.000+0000,222.05,223.05,219.55,222.86,159374.388
2025-10-02T02:00:00.000+0000,222.83,225.07,221.4,223.79,103564.425
2025-10-02T04:00:00.000+0000,223.8,226.67,222.7,224.13,114652.489
2025-10-02T06:00:00.000+0000,224.1,225.77,222.47,222.95,174443.241
2025-10-02T08:00:00.000+0000,222.95,225.73,222.7,225.17,113523.928
2025-10-02T10:00:00.000+0000,225.17,226.65,224.79,225.26,97996.245
2025-10-02T12:00:00.000+0000,225.27,227.43,224.64,226.51,167476.301
2025-10-02T14:00:00.000+0000,226.51,227.28,222.62,227.15,218805.692
2025-10-02T16:00:00.000+0000,227.18,230.34,226.21,229.82,89858.724
2025-10-02T18:00:00.000+0000,229.82,233.78,229.76,232.31,91698.264
2025-10-02T20:00:00.000+0000,232.28,233.98,230.81,232.54,65383.995
2025-10-02T22:00:00.000+0000,232.56,234.99,232.12,234.73,113006.949
2025-10-03T00:00:00.000+0000,234.73,234.76,230.52,230.95,65139.795
2025-10-03T02:00:00.000+0000,230.9,234.86,230.79,232.24,57050.873
2025-10-03T04:00:00.000+0000,232.25,233.21,230.33,231.21,64177.588
2025-10-03T06:00:00.000+0000,231.21,231.55,227.8,229.42,69839.38
2025-10-03T08:00:00.000+0000,229.43,231.84,227.88,230.92,66202.041
2025-10-03T10:00:00.000+0000,230.93,231.66,229.58,230.8,33976.843
2025-10-03T12:00:00.000+0000,230.81,231.25,228.73,229.77,59206.386
2025-10-03T14:00:00.000+0000,229.76,234.99,227.15,234.81,135309.577
2025-10-03T16:00:00.000+0000,234.79,237.0,228.54,230.09,205821.877
2025-10-03T18:00:00.000+0000,230.12,235.52,229.13,233.18,102587.627
2025-10-03T20:00:00.000+0000,233.2,233.42,230.71,232.61,41843.712
2025-10-03T22:00:00.000+0000,232.62,233.99,232.41,232.8,83451.544
2025-10-04T00:00:00.000+0000,232.82,234.04,229.59,230.29,96606.536
2025-10-04T02:00:00.000+0000,230.29,231.03,227.92,229.21,142076.926
2025-10-04T04:00:00.000+0000,229.22,230.31,229.0,229.96,40001.623
2025-10-04T06:00:00.000+0000,229.97,230.52,228.77,229.12,62444.268
2025-10-04T08:00:00.000+0000,229.13,229.45,228.21,228.47,58216.632
2025-10-04T10:00:00.000+0000,228.47,229.91,228.31,229.18,47031.169
2025-10-04T12:00:00.000+0000,229.18,229.83,227.93,228.8,71418.53
2025-10-04T14:00:00.000+0000,228.8,229.5,224.25,224.87,184583.641
2025-10-04T16:00:00.000+0000,224.86,227.01,224.19,226.54,139097.295
2025-10-04T18:00:00.000+0000,226.55,226.97,225.83,226.91,41327.791
2025-10-04T20:00:00.000+0000,226.91,228.27,226.9,227.29,34818.11
2025-10-04T22:00:00.000+0000,227.3,228.21,226.95,227.84,32374.808
2025-10-05T00:00:00.000+0000,227.84,228.24,226.49,227.78,54118.277
2025-10-05T02:00:00.000+0000,227.78,232.28,227.31,230.89,219242.412
2025-10-05T04:00:00.000+0000,230.89,234.95,230.89,234.53,123611.288
2025-10-05T06:00:00.000+0000,234.53,236.98,234.49,236.59,195445.142
2025-10-05T08:00:00.000+0000,236.6,237.24,232.11,233.43,157030.133
2025-10-05T10:00:00.000+0000,233.44,233.6,230.75,232.66,108144.648
2025-10-05T12:00:00.000+0000,232.65,232.66,230.44,231.67,51448.631
2025-10-05T14:00:00.000+0000,231.66,232.06,228.43,230.13,63072.01
2025-10-05T16:00:00.000+0000,230.16,231.49,228.84,229.71,49117.082
2025-10-05T18:00:00.000+0000,229.71,229.9,226.71,227.09,69184.498
2025-10-05T20:00:00.000+0000,227.11,229.01,226.72,228.71,30350.589
2025-10-05T22:00:00.000+0000,228.71,229.27,227.08,228.58,70970.997
2025-10-06T00:00:00.000+0000,228.58,231.74,227.54,231.45,161664.304
2025-10-06T02:00:00.000+0000,231.42,233.3,229.84,232.27,137438.748
2025-10-06T04:00:00.000+0000,232.26,232.47,230.18,232.33,61378.932
2025-10-06T06:00:00.000+0000,232.33,234.81,230.65,231.35,94091.5
2025-10-06T08:00:00.000+0000,231.38,234.12,231.38,233.5,46654.82
2025-10-06T10:00:00.000+0000,233.49,233.85,231.8,233.01,48827.298
2025-10-06T12:00:00.000+0000,233.04,235.14,232.71,234.72,75404.185
2025-10-06T14:00:00.000+0000,234.77,236.69,232.79,235.62,106168.492
2025-10-06T16:00:00.000+0000,235.62,237.79,234.02,236.43,72204.74
2025-10-06T18:00:00.000+0000,236.44,237.16,234.69,235.32,68914.236
2025-10-06T20:00:00.000+0000,235.35,236.14,232.81,234.25,63302.429
2025-10-06T22:00:00.000+0000,234.25,235.0,231.62,232.34,121737.706
2025-10-07T00:00:00.000+0000,232.36,233.1,231.0,232.72,118163.691
2025-10-07T02:00:00.000+0000,232.73,233.97,232.04,233.95,102691.794
2025-10-07T04:00:00.000+0000,233.94,235.22,233.01,233.52,134173.709
2025-10-07T06:00:00.000+0000,233.51,233.69,229.45,231.0,205536.726
2025-10-07T08:00:00.000+0000,231.01,231.01,228.33,230.38,108730.34189674
2025-10-07T10:00:00.000+0000,230.33,231.65,229.79,230.46,55433.302
2025-10-07T12:00:00.000+0000,230.47,231.62,226.4,227.93,117116.529
2025-10-07T14:00:00.000+0000,227.94,228.13,221.36,223.76,217382.402
2025-10-07T16:00:00.000+0000,223.76,225.29,221.87,222.71,109068.714
2025-10-07T18:00:00.000+0000,222.77,223.28,220.72,221.68,77069.932
2025-10-07T20:00:00.000+0000,221.74,224.27,221.52,223.15,52896.531
2025-10-07T22:00:00.000+0000,223.16,223.68,219.69,219.98,105502.39
2025-10-08T00:00:00.000+0000,219.98,222.32,217.98,222.06,162512.233
2025-10-08T02:00:00.000+0000,222.06,222.79,217.99,218.32,116210.636
2025-10-08T04:00:00.000+0000,218.33,220.53,217.32,219.52,75280.154
2025-10-08T06:00:00.000+0000,219.53,220.99,218.64,220.96,40631.292
2025-10-08T08:00:00.000+0000,221.0,222.63,220.73,221.45,51442.002
2025-10-08T10:00:00.000+0000,221.45,222.55,220.68,221.22,47411.022
2025-10-08T12:00:00.000+0000,221.21,222.73,218.85,221.45,63927.017
2025-10-08T14:00:00.000+0000,221.45,224.18,219.51,221.23,103701.501
2025-10-08T16:00:00.000+0000,221.23,227.73,220.69,226.94,79775.317
2025-10-08T18:00:00.000+0000,226.93,229.65,226.44,229.33,99312.517
2025-10-08T20:00:00.000+0000,229.35,229.66,227.41,228.48,37848.014
2025-10-08T22:00:00.000+0000,228.48,229.69,227.89,229.03,96445.959
2025-10-09T00:00:00.000+0000,229.03,229.65,226.0,228.42,132835.527
2025-10-09T02:00:00.000+0000,228.42,228.69,223.82,226.17,93401.536
2025-10-09T04:00:00.000+0000,226.17,228.75,225.45,227.8,62680.293
2025-10-09T06:00:00.000+0000,227.82,228.39,224.17,224.52,102333.489
2025-10-09T08:00:00.000+0000,224.51,224.81,219.41,221.97,160127.871
2025-10-09T10:00:00.000+0000,222.0,223.93,221.0,223.13,60331.632
2025-10-09T12:00:00.000+0000,223.12,226.32,221.92,222.29,93084.829
2025-10-09T14:00:00.000+0000,222.3,223.31,218.66,219.1,114459.181
2025-10-09T16:00:00.000+0000,219.11,220.15,216.6,219.34,82842.477
2025-10-09T18:00:00.000+0000,219.31,219.51,217.19,218.26,38410.627
2025-10-09T20:00:00.000+0000,218.31,220.45,217.59,220.26,30744.758
2025-10-09T22:00:00.000+0000,220.27,221.66,219.86,220.93,66034.739
2025-10-10T00:00:00.000+0000,220.97,222.1,220.53,220.96,63960.969
2025-10-10T02:00:00.000+0000,220.97,222.85,219.5,221.6,68696.545
2025-10-10T04:00:00.000+0000,221.6,222.88,220.04,221.68,83800.554
2025-10-10T06:00:00.000+0000,221.69,222.42,217.92,218.1,99353.027
2025-10-10T08:00:00.000+0000,218.11,220.73,217.39,218.94,92534.619
2025-10-10T10:00:00.000+0000,218.94,221.55,218.75,221.13,77387.556
2025-10-10T12:00:00.000+0000,221.14,224.4,220.75,223.46,137443.214
2025-10-10T14:00:00.000+0000,223.41,224.4,209.02,210.72,273482.074
2025-10-10T16:00:00.000+0000,210.69,213.02,208.85,209.7,150151.157
2025-10-10T18:00:00.000+0000,209.77,210.08,203.5,205.33,139400.77
2025-10-10T20:00:00.000+0000,205.33,207.75,144.12,191.0,447928.795
2025-10-10T22:00:00.000+0000,191.07,194.5,183.28,188.63,353448.94
2025-10-11T00:00:00.000+0000,188.6,190.56,182.43,183.13,207527.235
2025-10-11T02:00:00.000+0000,183.13,191.02,182.52,184.73,270813.7904
2025-10-11T04:00:00.000+0000,184.74,186.86,180.0,182.41,146496.913
2025-10-11T06:00:00.000+0000,182.42,185.98,181.77,182.75,143024.335
2025-10-11T08:00:00.000+0000,182.76,188.24,182.02,184.5,119475.045
2025-10-11T10:00:00.000+0000,184.5,186.03,181.73,183.77,178293.059
2025-10-11T12:00:00.000+0000,183.77,184.64,180.72,184.19,183125.464
2025-10-11T14:00:00.000+0000,184.19,184.96,181.59,183.72,158778.728
2025-10-11T16:00:00.000+0000,183.72,184.63,181.76,183.06,111682.576
2025-10-11T18:00:00.000+0000,183.06,183.09,176.58,177.57,139452.322
2025-10-11T20:00:00.000+0000,177.54,178.12,172.58,176.9,138109.35
2025-10-11T22:00:00.000+0000,176.97,178.73,175.91,177.59,127269.891
2025-10-12T00:00:00.000+0000,177.61,177.7,173.01,174.03,96943.042
2025-10-12T02:00:00.000+0000,174.01,178.5,173.46,177.04,146441.62
2025-10-12T04:00:00.000+0000,177.05,182.03,176.61,181.45,111205.215
2025-10-12T06:00:00.000+0000,181.45,182.98,180.85,182.54,191613.19
2025-10-12T08:00:00.000+0000,182.55,182.74,180.33,182.04,153531.716
2025-10-12T10:00:00.000+0000,182.08,182.75,180.51,181.0,128096.053
2025-10-12T12:00:00.000+0000,180.97,183.17,178.24,179.21,156121.887
2025-10-12T14:00:00.000+0000,179.21,191.82,179.08,191.23,267367.261
2025-10-12T16:00:00.000+0000,191.21,196.1,191.21,194.59,139390.597
2025-10-12T18:00:00.000+0000,194.6,196.56,191.79,195.85,70035.784
2025-10-12T20:00:00.000+0000,195.86,198.93,193.11,195.61,100049.728
2025-10-12T22:00:00.000+0000,195.61,198.07,195.35,197.01,76350.389
2025-10-13T00:00:00.000+0000,197.01,199.46,195.75,199.43,92806.827
2025-10-13T02:00:00.000+0000,199.44,200.0,194.34,194.8,85938.757
2025-10-13T04:00:00.000+0000,194.81,196.44,193.68,194.06,57387.112
2025-10-13T06:00:00.000+0000,194.06,199.53,192.94,196.8,91230.457
2025-10-13T08:00:00.000+0000,196.8,198.72,196.21,197.02,73721.845
2025-10-13T10:00:00.000+0000,197.02,197.07,190.38,192.59,162692.925
2025-10-13T12:00:00.000+0000,192.57,196.96,191.32,196.24,184526.11
2025-10-13T14:00:00.000+0000,196.23,197.66,192.52,196.42,108804.625
2025-10-13T16:00:00.000+0000,196.44,205.84,196.24,205.07,170596.497
2025-10-13T18:00:00.000+0000,205.07,208.77,203.98,207.11,171315.472
2025-10-13T20:00:00.000+0000,207.12,208.96,206.83,208.0,86830.085
2025-10-13T22:00:00.000+0000,208.01,209.27,207.31,208.69,103281.052
2025-10-14T00:00:00.000+0000,208.7,211.28,207.91,208.43,121138.821
2025-10-14T02:00:00.000+0000,208.43,208.6,204.97,205.72,137181.974
2025-10-14T04:00:00.000+0000,205.71,205.82,198.99,199.71,123782.841
2025-10-14T06:00:00.000+0000,199.71,200.77,192.17,194.5,137755.144
2025-10-14T08:00:00.000+0000,194.49,197.55,193.17,194.89,26201.0184
2025-10-14T10:00:00.000+0000,194.88,197.06,191.05,195.35,105699.293
2025-10-14T12:00:00.000+0000,195.34,195.71,191.55,195.07,107787.771
2025-10-14T14:00:00.000+0000,195.04,202.66,194.44,202.23,139737.558
2025-10-14T16:00:00.000+0000,202.27,206.33,199.16,201.76,148674.71
2025-10-14T18:00:00.000+0000,201.79,204.22,197.08,198.54,57475.172
2025-10-14T20:00:00.000+0000,198.56,201.53,198.16,201.22,29484.661
2025-10-14T22:00:00.000+0000,201.23,203.43,200.31,202.46,80833.044
2025-10-15T00:00:00.000+0000,202.47,204.09,201.11,203.71,76595.728
2025-10-15T02:00:00.000+0000,203.7,205.83,200.96,201.69,85830.383
2025-10-15T04:00:00.000+0000,201.71,204.84,200.5,204.45,77988.412
2025-10-15T06:00:00.000+0000,204.45,205.37,201.98,204.66,68759.991
2025-10-15T08:00:00.000+0000,204.64,208.92,204.46,206.02,83398.183
2025-10-15T10:00:00.000+0000,206.02,206.37,202.09,202.64,60031.225
2025-10-15T12:00:00.000+0000,202.64,204.38,198.18,201.18,92303.166
2025-10-15T14:00:00.000+0000,201.19,204.89,196.22,197.12,83862.295
2025-10-15T16:00:00.000+0000,197.15,198.74,195.21,198.15,46463.796
2025-10-15T18:00:00.000+0000,198.1,198.27,194.21,194.84,34123.57
2025-10-15T20:00:00.000+0000,194.83,196.59,192.06,192.89,64930.863
2025-10-15T22:00:00.000+0000,192.94,194.82,192.62,193.82,80143.813
2025-10-16T00:00:00.000+0000,193.84,195.44,193.15,195.12,52139.625
2025-10-16T02:00:00.000+0000,195.12,196.17,193.43,193.6,36217.935
2025-10-16T04:00:00.000+0000,193.65,194.61,191.37,192.48,80953.048
2025-10-16T06:00:00.000+0000,192.48,195.58,192.33,192.92,76892.934
2025-10-16T08:00:00.000+0000,192.92,194.65,186.55,193.88,136743.523
2025-10-16T10:00:00.000+0000,193.87,197.15,193.64,196.82,38093.346
2025-10-16T12:00:00.000+0000,196.82,198.39,195.22,195.76,30697.365
2025-10-16T14:00:00.000+0000,195.88,196.56,186.67,187.61,87094.408
2025-10-16T16:00:00.000+0000,187.63,192.28,186.39,189.59,66393.734
2025-10-16T18:00:00.000+0000,189.6,189.81,183.7,185.05,60261.285
2025-10-16T20:00:00.000+0000,185.03,186.11,182.04,185.65,47964.916
2025-10-16T22:00:00.000+0000,185.62,185.95,182.93,184.85,77695.927
2025-10-17T00:00:00.000+0000,184.84,187.53,184.27,185.62,63019.267
2025-10-17T02:00:00.000+0000,185.7,187.44,184.7,187.09,37053.2
2025-10-17T04:00:00.000+0000,187.1,187.45,185.44,185.69,33771.86
2025-10-17T06:00:00.000+0000,185.7,186.48,177.37,177.76,99658.53185554
2025-10-17T08:00:00.000+0000,177.75,180.43,175.37,176.8,102567.208
2025-10-17T10:00:00.000+0000,176.77,182.65,174.05,181.45,86410.232
2025-10-17T12:00:00.000+0000,181.41,182.59,177.96,180.66,61013.243
2025-10-17T14:00:00.000+0000,180.64,182.8,176.3,182.72,53293.208
2025-10-17T16:00:00.000+0000,182.76,185.02,181.8,183.77,40839.034
2025-10-17T18:00:00.000+0000,183.75,185.41,181.42,182.0,36511.752
2025-10-17T20:00:00.000+0000,181.97,186.06,181.46,185.35,32908.304
2025-10-17T22:00:00.000+0000,185.42,185.94,181.79,181.98,26590.277
2025-10-18T00:00:00.000+0000,181.97,184.88,181.76,184.58,29860.15
2025-10-18T02:00:00.000+0000,184.65,185.53,183.42,184.81,28907.125
2025-10-18T04:00:00.000+0000,184.79,184.8,183.12,184.53,28916.065
2025-10-18T06:00:00.000+0000,184.55,188.27,184.2,186.29,35872.213
2025-10-18T08:00:00.000+0000,186.29,187.19,185.37,185.95,36912.967
2025-10-18T10:00:00.000+0000,185.95,186.27,184.43,186.12,44018.647
2025-10-18T12:00:00.000+0000,186.13,187.38,184.78,185.17,38180.114
2025-10-18T14:00:00.000+0000,185.22,186.17,183.98,185.11,38919.881
2025-10-18T16:00:00.000+0000,185.03,186.11,183.34,185.92,47749.144
2025-10-18T18:00:00.000+0000,185.94,186.4,185.27,186.35,32775.001
2025-10-18T20:00:00.000+0000,186.36,187.67,185.9,187.13,26783.048
2025-10-18T22:00:00.000+0000,187.15,187.84,186.81,187.56,27827.304
2025-10-19T00:00:00.000+0000,187.56,187.87,184.9,185.85,37254.739
2025-10-19T02:00:00.000+0000,185.88,187.13,184.97,187.04,39913.205
2025-10-19T04:00:00.000+0000,187.04,187.69,186.34,186.52,28045.9
2025-10-19T06:00:00.000+0000,186.53,186.92,185.19,185.9,39425.57
2025-10-19T08:00:00.000+0000,185.9,188.63,183.18,187.21,73609.123
2025-10-19T10:00:00.000+0000,187.21,190.05,186.69,189.01,43847.401
2025-10-19T12:00:00.000+0000,189.0,190.99,188.12,190.59,43805.521
2025-10-19T14:00:00.000+0000,190.6,191.72,189.79,190.79,47148.318
2025-10-19T16:00:00.000+0000,190.79,192.26,189.77,190.01,50107.299
2025-10-19T18:00:00.000+0000,190.07,190.38,188.33,188.91,36010.387
2025-10-19T20:00:00.000+0000,188.92,189.9,188.36,189.29,30601.755
2025-10-19T22:00:00.000+0000,189.32,190.17,186.92,187.87,41834.902
2025-10-20T00:00:00.000+0000,187.87,187.87,183.8,185.65,38639.638
2025-10-20T02:00:00.000+0000,185.65,191.74,184.12,191.2,53700.007
2025-10-20T04:00:00.000+0000,191.22,193.36,190.61,193.0,56170.331
2025-10-20T06:00:00.000+0000,193.02,194.52,192.75,193.01,53443.971
2025-10-20T08:00:00.000+0000,193.01,194.16,192.22,193.22,37666.922
2025-10-20T10:00:00.000+0000,193.22,193.76,191.03,192.22,33642.752
2025-10-20T12:00:00.000+0000,192.22,193.0,191.61,192.42,27125.261
2025-10-20T14:00:00.000+0000,192.46,192.59,190.44,190.53,44481.109
2025-10-20T16:00:00.000+0000,190.51,190.53,185.59,187.65,63087.52
2025-10-20T18:00:00.000+0000,187.65,189.43,187.19,188.81,39229.251
2025-10-20T20:00:00.000+0000,188.81,191.19,188.24,188.98,35675.391
2025-10-20T22:00:00.000+0000,188.98,190.87,188.79,189.72,39221.323
2025-10-21T00:00:00.000+0000,189.72,190.22,186.25,186.77,57307.051
2025-10-21T02:00:00.000+0000,186.76,186.94,185.33,185.56,44711.7
2025-10-21T04:00:00.000+0000,185.58,185.67,182.74,183.87,61370.887
2025-10-21T06:00:00.000+0000,183.87,185.22,183.18,185.01,34699.483
2025-10-21T08:00:00.000+0000,185.02,185.02,183.76,184.38,37411.036
2025-10-21T10:00:00.000+0000,184.37,186.71,184.19,186.26,45031.278
2025-10-21T12:00:00.000+0000,186.27,187.75,184.0,185.09,45902.999
2025-10-21T14:00:00.000+0000,185.11,197.17,185.01,196.25,95323.054
2025-10-21T16:00:00.000+0000,196.24,197.72,192.1,194.85,73320.887
2025-10-21T18:00:00.000+0000,194.85,195.49,193.09,193.98,32401.517
2025-10-21T20:00:00.000+0000,193.99,194.22,188.0,191.29,52904.557
2025-10-21T22:00:00.000+0000,191.3,191.51,185.13,185.63,64431.834
2025-10-22T00:00:00.000+0000,185.64,187.2,184.16,187.01,49848.5
2025-10-22T02:00:00.000+0000,187.0,187.44,184.5,185.25,36179.42
2025-10-22T04:00:00.000+0000,185.25,186.29,183.28,184.59,48018.393
2025-10-22T06:00:00.000+0000,184.59,185.19,183.44,185.03,43885.389
2025-10-22T08:00:00.000+0000,185.03,185.2,183.36,184.04,35495.499
2025-10-22T10:00:00.000+0000,184.06,185.97,182.0,185.06,57039.142
2025-10-22T12:00:00.000+0000,185.07,186.91,184.15,186.51,39648.496
2025-10-22T14:00:00.000+0000,186.55,186.64,181.28,183.99,54333.062
2025-10-22T16:00:00.000+0000,184.01,184.98,181.35,181.68,28046.596
2025-10-22T18:00:00.000+0000,181.67,182.52,177.08,180.17,39016.345
2025-10-22T20:00:00.000+0000,180.18,180.76,177.11,178.39,45500.18
2025-10-22T22:00:00.000+0000,178.34,180.49,177.82,180.11,58913.508
2025-10-23T00:00:00.000+0000,180.12,182.06,179.67,181.79,57694.762
2025-10-23T02:00:00.000+0000,181.8,183.36,181.43,182.87,45190.75
2025-10-23T04:00:00.000+0000,182.89,184.85,182.69,184.85,31354.044
2025-10-23T06:00:00.000+0000,184.84,188.0,184.55,187.44,51675.222
2025-10-23T08:00:00.000+0000,187.5,188.87,187.46,188.4,38125.514
2025-10-23T10:00:00.000+0000,188.42,189.49,187.52,187.98,44558.776
2025-10-23T12:00:00.000+0000,187.98,192.58,186.65,190.36,54748.762
2025-10-23T14:00:00.000+0000,190.38,191.88,188.13,191.05,33678.22
2025-10-23T16:00:00.000+0000,191.07,193.51,190.1,192.5,35975.916
2025-10-23T18:00:00.000+0000,192.49,192.89,190.57,191.14,26324.106
2025-10-23T20:00:00.000+0000,191.14,191.31,188.3,188.79,39765.613
2025-10-23T22:00:00.000+0000,188.78,191.5,188.65,191.34,53287.382
2025-10-24T00:00:00.000+0000,191.34,193.91,190.93,192.94,61551.84
2025-10-24T02:00:00.000+0000,192.95,193.08,190.86,191.31,52727.2
2025-10-24T04:00:00.000+0000,191.31,194.61,190.81,193.31,59395.707
2025-10-24T06:00:00.000+0000,193.32,193.68,191.48,192.17,57646.064
2025-10-24T08:00:00.000+0000,192.18,193.49,191.74,192.13,53223.968
2025-10-24T10:00:00.000+0000,192.13,192.22,190.63,192.15,42395.071
2025-10-24T12:00:00.000+0000,192.15,196.79,190.87,192.49,85520.454
2025-10-24T14:00:00.000+0000,192.48,192.48,188.8,189.45,42124.217
2025-10-24T16:00:00.000+0000,189.46,191.74,188.8,191.13,24375.765
2025-10-24T18:00:00.000+0000,191.15,193.64,191.0,193.06,32103.984
2025-10-24T20:00:00.000+0000,193.08,194.14,192.81,193.78,28509.691
2025-10-24T22:00:00.000+0000,193.77,194.16,193.12,193.58,30948.338
2025-10-25T00:00:00.000+0000,193.56,194.49,192.42,193.76,41997.109
2025-10-25T02:00:00.000+0000,193.76,194.18,193.3,193.47,35072.342
2025-10-25T04:00:00.000+0000,193.47,194.75,193.44,194.51,40754.321
2025-10-25T06:00:00.000+0000,194.51,194.93,193.83,193.97,47924.216
2025-10-25T08:00:00.000+0000,193.99,195.26,192.4,192.61,79653.127
2025-10-25T10:00:00.000+0000,192.61,192.92,191.14,192.73,59458.891
2025-10-25T12:00:00.000+0000,192.74,194.22,192.46,192.9,47769.561
2025-10-25T14:00:00.000+0000,192.9,192.9,191.81,191.9,42920.767
2025-10-25T16:00:00.000+0000,191.9,192.49,191.46,192.38,10890.648
2025-10-25T18:00:00.000+0000,192.38,194.64,192.32,194.53,12337.246
2025-10-25T20:00:00.000+0000,194.51,194.91,193.73,194.37,32324.978
2025-10-25T22:00:00.000+0000,194.38,194.73,193.81,193.85,40120.164
2025-10-26T00:00:00.000+0000,193.84,194.35,192.3,192.84,36031.109
2025-10-26T02:00:00.000+0000,192.84,193.14,191.91,192.99,35161.982
2025-10-26T04:00:00.000+0000,192.99,193.78,192.75,193.62,25128.708
2025-10-26T06:00:00.000+0000,193.62,194.3,193.52,193.87,34343.649
2025-10-26T08:00:00.000+0000,193.87,196.42,193.71,195.95,59568.469
2025-10-26T10:00:00.000+0000,195.96,197.9,194.36,197.77,73836.363
2025-10-26T12:00:00.000+0000,197.74,199.66,196.92,199.08,92512.918
2025-10-26T14:00:00.000+0000,199.09,199.91,198.53,199.51,61119.975
2025-10-26T16:00:00.000+0000,199.52,199.53,198.18,198.91,45600.264
2025-10-26T18:00:00.000+0000,198.92,199.67,198.51,198.88,41239.092
2025-10-26T20:00:00.000+0000,198.87,198.87,196.87,198.47,49861.123
2025-10-26T22:00:00.000+0000,198.48,202.45,198.48,200.04,129645.605
2025-10-27T00:00:00.000+0000,200.0,205.19,199.5,204.37,93432.181
2025-10-27T02:00:00.000+0000,204.37,205.04,203.28,204.32,66402.054
2025-10-27T04:00:00.000+0000,204.32,205.29,203.12,204.31,70058.098
2025-10-27T06:00:00.000+0000,204.31,205.2,202.23,202.49,106216.838
2025-10-27T08:00:00.000+0000,202.49,202.53,198.11,199.99,126001.378
2025-10-27T10:00:00.000+0000,199.99,200.97,198.86,200.19,106926.138
2025-10-27T12:00:00.000+0000,200.19,200.59,198.47,200.35,85809.761
2025-10-27T14:00:00.000+0000,200.36,200.54,198.29,200.12,106939.356
2025-10-27T16:00:00.000+0000,200.12,203.26,200.01,202.31,118189.71
2025-10-27T18:00:00.000+0000,202.24,203.2,199.84,200.02,75764.693
2025-10-27T20:00:00.000+0000,200.05,200.24,197.72,198.74,71503.772
2025-10-27T22:00:00.000+0000,198.75,199.42,197.35,198.7,73544.853
2025-10-28T00:00:00.000+0000,198.71,202.04,198.41,201.36,83789.981
2025-10-28T02:00:00.000+0000,201.37,201.92,199.48,201.28,89337.12
2025-10-28T04:00:00.000+0000,201.28,202.15,198.63,198.72,65509.422
2025-10-28T06:00:00.000+0000,198.72,202.99,198.72,202.36,120242.638
2025-10-28T08:00:00.000+0000,202.36,203.95,201.42,201.96,97107.07
2025-10-28T10:00:00.000+0000,201.96,202.03,199.22,199.73,71504.163
2025-10-28T12:00:00.000+0000,199.73,203.0,198.2,202.73,86491.276
2025-10-28T14:00:00.000+0000,202.74,202.93,196.61,198.88,109520.703
2025-10-28T16:00:00.000+0000,198.84,200.9,197.95,200.85,39541.889
2025-10-28T18:00:00.000+0000,200.86,201.3,194.46,195.45,62792.536
2025-10-28T20:00:00.000+0000,195.39,195.39,190.35,193.88,86291.366
2025-10-28T22:00:00.000+0000,193.86,195.18,193.35,194.18,72617.699
2025-10-29T00:00:00.000+0000,194.17,195.08,192.71,194.17,61009.316
2025-10-29T02:00:00.000+0000,194.17,194.87,193.26,193.92,47907.716
2025-10-29T04:00:00.000+0000,193.93,195.8,193.78,195.17,44971.232
2025-10-29T06:00:00.000+0000,195.18,196.0,194.76,195.63,52332.692
2025-10-29T08:00:00.000+0000,195.68,195.71,193.8,194.23,53086.621
2025-10-29T10:00:00.000+0000,194.24,199.39,193.98,198.74,85286.861
2025-10-29T12:00:00.000+0000,198.73,201.7,198.13,200.73,56856.541
2025-10-29T14:00:00.000+0000,200.78,200.98,196.41,196.78,47757.95
2025-10-29T16:00:00.000+0000,196.81,198.77,194.69,198.51,47944.364
2025-10-29T18:00:00.000+0000,198.53,198.59,189.11,192.77,138299.593
2025-10-29T20:00:00.000+0000,192.79,197.08,191.95,196.03,37003.962
2025-10-29T22:00:00.000+0000,196.03,196.44,193.02,193.88,74633.006
2025-10-30T00:00:00.000+0000,193.9,196.04,192.12,195.52,63193.295
2025-10-30T02:00:00.000+0000,195.52,198.19,195.24,197.12,67296.553
2025-10-30T04:00:00.000+0000,197.09,197.19,190.32,195.18,68091.9
2025-10-30T06:00:00.000+0000,195.16,196.21,193.39,195.77,55721.658
2025-10-30T08:00:00.000+0000,195.78,196.12,192.35,192.4,40025.177
2025-10-30T10:00:00.000+0000,192.4,192.66,191.1,191.86,34065.749
2025-10-30T12:00:00.000+0000,191.86,192.0,184.82,185.74,71630.187
2025-10-30T14:00:00.000+0000,185.79,187.83,184.47,185.08,31342.378
2025-10-30T16:00:00.000+0000,185.08,186.33,181.44,183.82,38719.033
2025-10-30T18:00:00.000+0000,183.76,183.95,178.63,179.07,42115.101
2025-10-30T20:00:00.000+0000,179.01,182.7,178.77,182.42,51736.419
2025-10-30T22:00:00.000+0000,182.43,184.72,182.12,184.68,100464.945
2025-10-31T00:00:00.000+0000,184.71,186.9,184.08,186.27,47638.173
2025-10-31T02:00:00.000+0000,186.26,186.31,183.72,185.16,31362.176
2025-10-31T04:00:00.000+0000,185.15,187.04,184.96,185.67,32786.506
2025-10-31T06:00:00.000+0000,185.71,186.14,184.75,185.37,27246.478
2025-10-31T08:00:00.000+0000,185.36,187.04,184.58,186.62,34436.556
2025-10-31T10:00:00.000+0000,186.63,189.18,186.18,188.86,42165.716
2025-10-31T12:00:00.000+0000,188.84,189.38,185.99,188.35,39640.366
2025-10-31T14:00:00.000+0000,188.37,190.27,186.98,188.14,28346.537
2025-10-31T16:00:00.000+0000,188.08,188.6,184.38,185.35,28531.816
2025-10-31T18:00:00.000+0000,185.36,189.05,184.49,188.4,34924.338
2025-10-31T20:00:00.000+0000,188.35,188.8,186.53,187.3,25642.918
2025-10-31T22:00:00.000+0000,187.29,187.91,187.0,187.21,26365.639
2025-11-01T00:00:00.000+0000,187.21,187.45,186.05,186.14,31236.871
